{"stats":{"minecraft:killed":{"minecraft:cave_spider":1,"born_in_chaos_v1:restless_spirit":3,"minecraft:spider":3,"alexsmobs:tasmanian_devil":2,"born_in_chaos_v1:skeleton_thrasher_not_despawn":1,"born_in_chaos_v1:maggot":2,"minecraft:skeleton":2,"minecraft:pig":5,"born_in_chaos_v1:bone_imp_minion":4,"born_in_chaos_v1:baby_skeleton":1,"minecraft:creeper":1,"born_in_chaos_v1:decrepit_skeleton":2,"minecraft:sheep":7,"minecraft:pillager":3,"minecraft:zombie":1,"born_in_chaos_v1:bonescaller_not_despawn":2,"minecraft:stray":2,"alexsmobs:fly":1,"minecraft:cow":2},"minecraft:crafted":{"minecraft:oak_planks":12,"minecraft:iron_axe":1,"quark:spruce_chest":1,"sophisticatedbackpacks:iron_backpack":1,"blue_skies:blue_journal":1,"sophisticatedbackpacks:backpack":1,"minecraft:cooked_porkchop":8,"minecraft:crafting_table":1,"minecraft:spruce_planks":8,"minecraft:cooked_salmon":6,"sophisticatedbackpacks:gold_backpack":1,"minecraft:birch_planks":4,"minecraft:air":0,"minecraft:iron_chestplate":1,"minecraft:iron_ingot":9,"minecraft:iron_leggings":1},"minecraft:dropped":{"born_in_chaos_v1:shattered_skull":1,"minecraft:porkchop":2,"minecraft:wheat_seeds":13,"minecraft:crafting_table":1,"gamma_beasts:coal_nugget":1,"minecraft:cobblestone":3,"minecraft:knowledge_book":7,"minecraft:stripped_jungle_log":1,"blue_skies:ventium_ingot":1,"minecraft:red_mushroom":8,"minecraft:dirt":38,"minecraft:gray_wool":4,"minecraft:mutton":1,"minecraft:rose_bush":1,"minecraft:chain":4,"born_in_chaos_v1:black_argillite_brick_wall":1,"minecraft:paper":4,"minecraft:string":11,"minecraft:white_wool":3,"minecraft:lily_pad":3,"minecraft:bone":2,"born_in_chaos_v1:black_argillite_brick_stairs":4,"born_in_chaos_v1:ethereal_spirit":5,"minecraft:rotten_flesh":11,"minecraft:light_gray_wool":2,"minecraft:oak_planks":5,"minecraft:carrot":4,"supplementaries:ash":2,"minecraft:tipped_arrow":1,"minecraft:gunpowder":2,"minecraft:oak_sapling":5,"minecraft:spider_eye":1,"minecraft:spruce_log":3,"minecraft:magma_block":29},"minecraft:custom":{"minecraft:mob_kills":45,"minecraft:interact_with_crafting_table":4,"minecraft:open_barrel":22,"minecraft:bell_ring":1,"minecraft:damage_dealt_resisted":3260,"minecraft:leave_game":1,"minecraft:time_since_death":24382,"minecraft:climb_one_cm":422,"minecraft:damage_resisted":24,"minecraft:sprint_one_cm":163754,"minecraft:walk_one_cm":93624,"minecraft:drop":59,"minecraft:talked_to_villager":1,"minecraft:play_time":47810,"minecraft:deaths":3,"minecraft:sneak_time":6299,"minecraft:walk_under_water_one_cm":11656,"minecraft:jump":763,"minecraft:interact_with_brewingstand":1,"minecraft:walk_on_water_one_cm":8492,"minecraft:total_world_time":47810,"minecraft:interact_with_furnace":16,"minecraft:traded_with_villager":1,"minecraft:sleep_in_bed":2,"minecraft:time_since_rest":5701,"minecraft:damage_taken":3023,"minecraft:damage_dealt":8328,"minecraft:fly_one_cm":136379,"minecraft:swim_one_cm":4940,"minecraft:player_kills":1,"minecraft:open_chest":20,"minecraft:crouch_one_cm":18650,"minecraft:fall_one_cm":30383},"minecraft:used":{"minecraft:iron_sword":237,"minecraft:cooked_salmon":6,"minecraft:mutton":6,"born_in_chaos_v1:smoked_flesh":5,"minecraft:iron_axe":120,"minecraft:tadpole_bucket":1,"minecraft:bow":4,"minecraft:knowledge_book":16,"minecraft:cooked_mutton":2,"minecraft:oak_planks":7,"minecraft:glow_berries":3,"minecraft:crafting_table":1,"born_in_chaos_v1:monster_flesh":1,"minecraft:bread":2,"minecraft:iron_pickaxe":86,"minecraft:cooked_porkchop":12},"minecraft:killed_by":{"born_in_chaos_v1:nightmare_stalker":1,"alexsmobs:grizzly_bear":2},"minecraft:picked_up":{"minecraft:crafting_table":1,"aether:iron_gloves":1,"born_in_chaos_v1:black_argillite_brick_wall":1,"minecraft:knowledge_book":1,"minecraft:chain":4,"minecraft:string":12,"minecraft:rose_bush":1,"minecraft:light_gray_wool":2,"minecraft:furnace":2,"minecraft:iron_boots":1,"minecraft:tipped_arrow":1,"minecraft:stick":2,"born_in_chaos_v1:shattered_skull":1,"minecraft:porkchop":13,"born_in_chaos_v1:pieceofdarkmetal":1,"born_in_chaos_v1:black_argillite_brick_stairs":4,"minecraft:redstone":2,"minecraft:arrow":4,"minecraft:rotten_flesh":11,"minecraft:iron_block":1,"gamma_beasts:coal_nugget":1,"supplementaries:ash":2,"minecraft:glow_berries":2,"minecraft:mutton":9,"minecraft:white_wool":3,"minecraft:cobblestone":14,"minecraft:magma_block":29,"born_in_chaos_v1:monster_flesh":1,"minecraft:leather":4,"create:raw_zinc":12,"minecraft:oak_log":3,"minecraft:gunpowder":2,"minecraft:dirt":38,"minecraft:stripped_birch_log":45,"minecraft:paper":2,"minecraft:cooked_mutton":4,"minecraft:bone":19,"supplementaries:cartographers_quill":1,"minecraft:bow":1,"minecraft:wheat_seeds":13,"minecraft:iron_ingot":16,"minecraft:iron_sword":1,"minecraft:book":126,"minecraft:cooked_porkchop":4,"born_in_chaos_v1:ethereal_spirit":7,"minecraft:stripped_spruce_log":22,"minecraft:white_bed":2,"minecraft:spruce_log":3,"minecraft:spider_eye":1,"minecraft:stripped_jungle_log":1,"minecraft:gray_wool":4,"minecraft:emerald":1,"minecraft:coal":7},"minecraft:mined":{"create:zinc_ore":12,"minecraft:white_bed":2,"minecraft:stripped_birch_log":48,"biomesoplenty:bush":2,"born_in_chaos_v1:black_argillite_brick_wall":1,"minecraft:decorated_pot":2,"minecraft:gilded_blackstone":1,"minecraft:spawner":3,"minecraft:magma_block":28,"minecraft:furnace":2,"minecraft:polished_basalt":1,"born_in_chaos_v1:black_argillite_brick_stairs":2,"minecraft:stripped_spruce_log":26,"minecraft:bell":1,"create:asurine":1,"minecraft:bookshelf":42,"minecraft:stripped_jungle_log":1,"regions_unexplored:medium_grass":4,"minecraft:stone":12,"minecraft:iron_block":1,"ad_astra:sky_stone":7,"minecraft:glass_pane":2,"minecraft:basalt":4,"minecraft:crafting_table":1,"minecraft:rose_bush":1,"minecraft:tall_grass":4,"minecraft:chain":3,"minecraft:spruce_log":3,"minecraft:stone_brick_stairs":1,"minecraft:grass":13,"biomesoplenty:clover":1,"minecraft:oak_log":3,"minecraft:coal_ore":3,"minecraft:cobweb":4,"minecraft:stone_bricks":1,"minecraft:fern":1}},"DataVersion":3465}