{"stats":{"minecraft:crafted":{"minecraft:oak_planks":36,"minecraft:iron_axe":1,"minecraft:crafting_table":1,"minecraft:stick":4,"minecraft:air":0,"minecraft:iron_ingot":6,"minecraft:iron_pickaxe":1},"minecraft:picked_up":{"minecraft:jungle_log":42,"minecraft:iron_ore":16,"minecraft:oak_log":14,"minecraft:bread":16,"minecraft:bamboo":5,"minecraft:iron_sword":1,"minecraft:coal":16},"minecraft:dropped":{"minecraft:bamboo":5},"minecraft:mined":{"minecraft:oak_log":14,"minecraft:jungle_log":48,"minecraft:bamboo":1,"minecraft:oak_leaves":7},"minecraft:custom":{"minecraft:time_since_rest":5348,"minecraft:interact_with_furnace":6,"minecraft:crouch_one_cm":3046,"minecraft:damage_taken":20,"minecraft:play_time":5348,"minecraft:sprint_one_cm":11300,"minecraft:walk_one_cm":6935,"minecraft:sneak_time":1451,"minecraft:drop":1,"minecraft:jump":47,"minecraft:damage_dealt":4,"minecraft:time_since_death":5348,"minecraft:total_world_time":5348,"minecraft:climb_one_cm":377,"minecraft:interact_with_crafting_table":2,"minecraft:fall_one_cm":1561,"minecraft:fly_one_cm":8103},"minecraft:used":{"minecraft:iron_axe":47,"alexsmobs:animal_dictionary":1}},"DataVersion":3465}