{"stats":{"minecraft:crafted":{"minecraft:oak_planks":36,"minecraft:crafting_table":1,"minecraft:iron_helmet":1,"minecraft:bucket":1,"minecraft:air":0,"minecraft:iron_chestplate":1,"minecraft:diamond_pickaxe":1,"minecraft:iron_axe":1,"minecraft:stick":8,"minecraft:iron_ingot":28,"minecraft:iron_pickaxe":1,"minecraft:iron_leggings":1},"minecraft:picked_up":{"minecraft:crafting_table":3,"minecraft:jungle_log":52,"gamma_beasts:prehnite":36,"minecraft:tuff":4,"minecraft:oak_log":14,"minecraft:gunpowder":2,"minecraft:lapis_lazuli":5,"minecraft:string":4,"minecraft:bone":2,"minecraft:blackstone":3,"minecraft:raw_gold":1,"minecraft:cobbled_deepslate":130,"alexsmobs:cockroach_wing_fragment":1,"minecraft:iron_ingot":2,"minecraft:iron_ore":36,"minecraft:bamboo":5,"minecraft:iron_sword":1,"minecraft:furnace":2,"minecraft:raw_iron":19,"minecraft:smooth_basalt":6,"minecraft:torch":33,"minecraft:gravel":1,"minecraft:dripstone_block":8,"minecraft:redstone":83,"minecraft:spider_eye":2,"minecraft:rotten_flesh":8,"minecraft:clay":1,"minecraft:diamond":19,"minecraft:bread":16,"minecraft:coal":58,"alexsmobs:lobster_tail":1,"minecraft:diamond_pickaxe":3,"minecraft:ender_pearl":1},"minecraft:dropped":{"minecraft:gravel":1,"minecraft:clay":1,"minecraft:blackstone":3,"minecraft:dripstone_block":8,"minecraft:coal":15,"alexsmobs:cockroach_wing_fragment":1,"minecraft:gunpowder":2,"minecraft:diamond_pickaxe":3,"minecraft:bamboo":5,"minecraft:smooth_basalt":6},"minecraft:mined":{"minecraft:deepslate_redstone_ore":19,"minecraft:tuff":5,"minecraft:blackstone":3,"minecraft:deepslate_diamond_ore":19,"minecraft:crafting_table":3,"minecraft:torch":1,"minecraft:jungle_log":52,"minecraft:deepslate_gold_ore":1,"gamma_beasts:deepslate_prehnite_ore":36,"minecraft:furnace":2,"minecraft:fire":1,"minecraft:deepslate_lapis_ore":1,"minecraft:oak_log":14,"minecraft:deepslate_iron_ore":19,"minecraft:vine":1,"minecraft:smooth_basalt":4,"minecraft:bamboo":1,"minecraft:oak_leaves":7,"minecraft:deepslate":135},"minecraft:killed":{"alexsmobs:lobster":2,"minecraft:spider":4,"minecraft:creeper":2,"minecraft:skeleton":2,"minecraft:zombie":8,"alexsmobs:cockroach":1,"minecraft:enderman":1},"minecraft:custom":{"minecraft:interact_with_furnace":18,"minecraft:mob_kills":20,"minecraft:interact_with_crafting_table":7,"minecraft:time_since_death":35348,"minecraft:climb_one_cm":377,"minecraft:time_since_rest":35348,"minecraft:sprint_one_cm":170475,"minecraft:damage_absorbed":40,"minecraft:damage_taken":903,"minecraft:walk_one_cm":45448,"minecraft:drop":12,"minecraft:damage_dealt":4244,"minecraft:swim_one_cm":5413,"minecraft:fly_one_cm":142520,"minecraft:crouch_one_cm":24299,"minecraft:play_time":35348,"minecraft:sneak_time":8589,"minecraft:walk_under_water_one_cm":2273,"minecraft:jump":839,"minecraft:walk_on_water_one_cm":9772,"minecraft:total_world_time":35348,"minecraft:fall_one_cm":25640},"minecraft:used":{"minecraft:water_bucket":7,"minecraft:oak_planks":22,"minecraft:iron_sword":80,"minecraft:iron_chestplate":1,"minecraft:torch":48,"minecraft:golden_apple":1,"minecraft:crafting_table":3,"minecraft:diamond_pickaxe":218,"minecraft:iron_axe":55,"minecraft:bread":16,"minecraft:iron_pickaxe":28,"minecraft:furnace":2,"minecraft:bucket":8,"alexsmobs:animal_dictionary":1,"minecraft:iron_leggings":1}},"DataVersion":3465}