{"stats":{"minecraft:crafted":{"minecraft:oak_planks":40,"minecraft:fishing_rod":1,"minecraft:cooked_chicken":3,"minecraft:furnace":1,"minecraft:cooked_mutton":6,"minecraft:iron_axe":1,"minecraft:chest":4,"minecraft:diamond_boots":1,"alexsmobs:cooked_catfish":3,"gamma_beasts:cooked_meat":1,"sophisticatedbackpacks:iron_backpack":1,"minecraft:cooked_beef":5,"minecraft:cooked_cod":2,"minecraft:diamond_sword":1,"sophisticatedbackpacks:backpack":1,"alexsmobs:cooked_lobster_tail":1,"minecraft:crafting_table":2,"minecraft:iron_helmet":1,"minecraft:cooked_salmon":3,"minecraft:bucket":1,"minecraft:air":0,"minecraft:jungle_planks":208,"minecraft:iron_chestplate":1,"minecraft:diamond_pickaxe":1,"minecraft:stick":76,"minecraft:iron_ingot":33,"minecraft:iron_pickaxe":1,"minecraft:iron_leggings":1,"minecraft:torch":132,"minecraft:shears":1,"minecraft:diamond_chestplate":1},"minecraft:picked_up":{"minecraft:crafting_table":4,"minecraft:chicken":5,"minecraft:string":22,"minecraft:cooked_salmon":1,"minecraft:blackstone":3,"minecraft:cobbled_deepslate":141,"minecraft:beef":5,"alexsmobs:elastic_tendon":2,"minecraft:calcite":4,"minecraft:furnace":6,"minecraft:raw_iron":22,"minecraft:torch":33,"minecraft:carrot":1,"minecraft:redstone":83,"alexsmobs:crocodile_scute":2,"minecraft:arrow":5,"minecraft:rotten_flesh":18,"minecraft:hay_block":2,"gamma_beasts:coal_nugget":23,"alexsmobs:lobster_tail":1,"minecraft:mutton":10,"minecraft:cod":3,"minecraft:white_wool":4,"minecraft:cobblestone":110,"minecraft:feather":3,"minecraft:jungle_log":52,"minecraft:salmon":6,"minecraft:brown_wool":1,"minecraft:leather":12,"gamma_beasts:prehnite":36,"minecraft:tuff":4,"minecraft:oak_log":14,"minecraft:gunpowder":2,"minecraft:lapis_lazuli":23,"minecraft:bone":3,"minecraft:apple":2,"minecraft:wheat_seeds":1,"alexsmobs:cockroach_wing_fragment":1,"minecraft:raw_gold":1,"minecraft:iron_ingot":3,"minecraft:grindstone":1,"minecraft:iron_ore":36,"gamma_beasts:stamina_capsule_accumulator":1,"minecraft:bamboo":5,"minecraft:iron_sword":1,"minecraft:smooth_basalt":6,"alexsmobs:crocodile_egg":1,"minecraft:dripstone_block":8,"minecraft:gravel":1,"minecraft:fermented_spider_eye":1,"minecraft:spider_eye":2,"alexsmobs:raw_catfish":3,"minecraft:clay":1,"minecraft:diamond":19,"minecraft:gray_wool":2,"minecraft:bread":80,"minecraft:coal":254,"minecraft:ender_pearl":1,"minecraft:diamond_pickaxe":3},"minecraft:dropped":{"minecraft:clay":1,"minecraft:iron_sword":1,"minecraft:oak_log":4,"minecraft:dripstone_block":8,"gamma_beasts:coal_nugget":13,"minecraft:cobblestone":13,"minecraft:feather":3,"minecraft:rail":1,"minecraft:coal":15,"minecraft:stick":2,"minecraft:gray_wool":2,"minecraft:brown_wool":1,"minecraft:white_wool":2,"gamma_beasts:stamina_capsule_accumulator":1,"minecraft:smooth_basalt":6,"minecraft:redstone":83,"minecraft:bone":3,"minecraft:gravel":1,"minecraft:blackstone":3,"minecraft:cobbled_deepslate":141,"minecraft:tuff":4,"minecraft:rotten_flesh":8,"minecraft:grindstone":1,"minecraft:oak_planks":2,"minecraft:gunpowder":2,"alexsmobs:cockroach_wing_fragment":1,"minecraft:diamond_pickaxe":3,"minecraft:iron_chestplate":1,"minecraft:spider_eye":2,"minecraft:bamboo":5,"minecraft:iron_ore":2,"minecraft:arrow":4,"minecraft:calcite":4},"minecraft:mined":{"minecraft:tuff":5,"minecraft:deepslate_diamond_ore":19,"biomesoplenty:desert_grass":1,"gamma_beasts:spider_egg":2,"minecraft:jungle_log":52,"minecraft:spruce_leaves":18,"minecraft:hay_block":2,"minecraft:furnace":6,"minecraft:iron_ore":3,"minecraft:fire":2,"minecraft:deepslate_lapis_ore":1,"biomesoplenty:high_grass":1,"minecraft:vine":1,"minecraft:deepslate_iron_ore":19,"minecraft:bamboo":1,"minecraft:stone":118,"minecraft:deepslate_redstone_ore":19,"minecraft:blackstone":3,"minecraft:crafting_table":4,"minecraft:torch":1,"minecraft:calcite":2,"biomesoplenty:sprout":2,"minecraft:deepslate_gold_ore":1,"minecraft:lapis_ore":4,"gamma_beasts:deepslate_prehnite_ore":36,"minecraft:grass":15,"biomesoplenty:clover":3,"minecraft:oak_log":14,"minecraft:coal_ore":76,"minecraft:cobweb":2,"minecraft:smooth_basalt":4,"minecraft:fern":2,"minecraft:oak_leaves":7,"minecraft:deepslate":135},"minecraft:killed":{"alexsmobs:lobster":2,"minecraft:spider":7,"minecraft:skeleton":6,"minecraft:chicken":5,"minecraft:drowned":1,"minecraft:zombie_villager":1,"alexsmobs:skunk":1,"minecraft:salmon":4,"minecraft:creeper":2,"minecraft:sheep":7,"alexsmobs:catfish":1,"alexsmobs:crocodile":3,"alexsmobs:cockroach":1,"minecraft:zombie":14,"alexsmobs:terrapin":3,"alexsmobs:crow":1,"minecraft:enderman":1,"minecraft:cow":2},"minecraft:custom":{"minecraft:mob_kills":62,"minecraft:interact_with_crafting_table":20,"minecraft:leave_game":1,"minecraft:time_since_death":81543,"minecraft:climb_one_cm":449,"minecraft:sprint_one_cm":307799,"minecraft:walk_one_cm":82617,"minecraft:drop":44,"minecraft:talked_to_villager":1,"minecraft:play_time":81543,"minecraft:sneak_time":16717,"minecraft:walk_under_water_one_cm":17077,"minecraft:jump":1914,"minecraft:walk_on_water_one_cm":18369,"minecraft:total_world_time":81543,"minecraft:interact_with_furnace":49,"minecraft:time_since_rest":81543,"minecraft:damage_taken":2025,"minecraft:damage_absorbed":40,"minecraft:damage_dealt":10646,"minecraft:swim_one_cm":67659,"minecraft:fly_one_cm":375653,"minecraft:open_chest":1,"minecraft:crouch_one_cm":41234,"minecraft:fish_caught":5,"minecraft:fall_one_cm":58389},"minecraft:used":{"minecraft:iron_sword":136,"minecraft:cooked_salmon":4,"minecraft:iron_chestplate":1,"minecraft:torch":50,"minecraft:jungle_planks":24,"minecraft:carrot":1,"minecraft:iron_axe":56,"alexsmobs:cooked_lobster_tail":1,"minecraft:furnace":6,"minecraft:cooked_beef":5,"minecraft:iron_leggings":1,"alexsmobs:cooked_catfish":3,"minecraft:cooked_mutton":6,"minecraft:water_bucket":23,"minecraft:diamond_boots":1,"minecraft:oak_planks":22,"minecraft:golden_apple":1,"minecraft:crafting_table":6,"minecraft:diamond_pickaxe":426,"minecraft:bread":16,"minecraft:iron_pickaxe":28,"minecraft:diamond_sword":109,"minecraft:fishing_rod":9,"minecraft:bucket":24,"alexsmobs:animal_dictionary":1}},"DataVersion":3465}