{"stats":{"minecraft:killed":{"minecraft:pig":5,"born_in_chaos_v1:restless_spirit":2,"minecraft:spider":2,"born_in_chaos_v1:decrepit_skeleton":2,"minecraft:sheep":6,"alexsmobs:fly":1},"minecraft:crafted":{"blue_skies:blue_journal":1,"minecraft:oak_planks":12,"minecraft:cooked_porkchop":8,"minecraft:cooked_salmon":6,"minecraft:air":0,"minecraft:iron_chestplate":1,"minecraft:iron_axe":1,"minecraft:iron_leggings":1},"minecraft:dropped":{"born_in_chaos_v1:black_argillite_brick_stairs":4,"minecraft:wheat_seeds":13,"minecraft:rotten_flesh":4,"minecraft:cobblestone":2,"minecraft:knowledge_book":7,"minecraft:light_gray_wool":2,"minecraft:stripped_jungle_log":1,"minecraft:red_mushroom":8,"minecraft:dirt":38,"supplementaries:ash":2,"minecraft:gray_wool":4,"minecraft:rose_bush":1,"minecraft:oak_sapling":5,"minecraft:spider_eye":1,"minecraft:spruce_log":3,"born_in_chaos_v1:black_argillite_brick_wall":1,"minecraft:string":5,"minecraft:lily_pad":3,"minecraft:white_wool":3,"minecraft:bone":2},"minecraft:custom":{"minecraft:interact_with_furnace":11,"minecraft:mob_kills":18,"minecraft:traded_with_villager":1,"minecraft:interact_with_crafting_table":3,"minecraft:open_barrel":19,"minecraft:bell_ring":1,"minecraft:damage_dealt_resisted":798,"minecraft:leave_game":1,"minecraft:time_since_death":382,"minecraft:sleep_in_bed":1,"minecraft:climb_one_cm":36,"minecraft:time_since_rest":426,"minecraft:damage_taken":1193,"minecraft:sprint_one_cm":77075,"minecraft:walk_one_cm":41030,"minecraft:drop":37,"minecraft:damage_dealt":2759,"minecraft:swim_one_cm":1944,"minecraft:talked_to_villager":1,"minecraft:fly_one_cm":64863,"minecraft:open_chest":11,"minecraft:crouch_one_cm":11330,"minecraft:play_time":23810,"minecraft:deaths":3,"minecraft:sneak_time":3268,"minecraft:walk_under_water_one_cm":454,"minecraft:jump":330,"minecraft:walk_on_water_one_cm":380,"minecraft:total_world_time":23810,"minecraft:fall_one_cm":16239},"minecraft:used":{"minecraft:knowledge_book":15,"minecraft:cooked_mutton":2,"minecraft:oak_planks":6,"minecraft:iron_sword":81,"minecraft:glow_berries":3,"minecraft:mutton":6,"born_in_chaos_v1:smoked_flesh":1,"born_in_chaos_v1:monster_flesh":1,"minecraft:iron_axe":78,"minecraft:bread":2,"minecraft:iron_pickaxe":6,"minecraft:tadpole_bucket":1},"minecraft:killed_by":{"born_in_chaos_v1:nightmare_stalker":1,"alexsmobs:grizzly_bear":2},"minecraft:picked_up":{"minecraft:crafting_table":1,"born_in_chaos_v1:monster_flesh":1,"aether:iron_gloves":1,"born_in_chaos_v1:black_argillite_brick_wall":1,"minecraft:knowledge_book":1,"minecraft:oak_log":3,"minecraft:stripped_birch_log":45,"minecraft:dirt":38,"minecraft:string":6,"minecraft:cooked_mutton":4,"minecraft:bone":3,"supplementaries:cartographers_quill":1,"minecraft:bow":1,"minecraft:wheat_seeds":13,"minecraft:iron_ingot":16,"minecraft:rose_bush":1,"minecraft:light_gray_wool":2,"minecraft:iron_sword":1,"minecraft:iron_boots":1,"minecraft:furnace":2,"minecraft:stick":2,"minecraft:cooked_porkchop":4,"born_in_chaos_v1:ethereal_spirit":3,"minecraft:porkchop":13,"minecraft:stripped_spruce_log":22,"minecraft:spruce_log":3,"born_in_chaos_v1:black_argillite_brick_stairs":4,"minecraft:spider_eye":1,"minecraft:stripped_jungle_log":1,"minecraft:rotten_flesh":4,"minecraft:gray_wool":4,"supplementaries:ash":2,"minecraft:glow_berries":2,"minecraft:mutton":7,"minecraft:coal":4,"minecraft:white_wool":3,"minecraft:cobblestone":2},"minecraft:mined":{"minecraft:stripped_birch_log":48,"minecraft:crafting_table":1,"born_in_chaos_v1:black_argillite_brick_wall":1,"minecraft:rose_bush":1,"minecraft:tall_grass":4,"minecraft:furnace":2,"born_in_chaos_v1:black_argillite_brick_stairs":2,"minecraft:spruce_log":3,"minecraft:stripped_spruce_log":26,"minecraft:bell":1,"minecraft:grass":10,"biomesoplenty:clover":1,"minecraft:oak_log":3,"minecraft:stripped_jungle_log":1,"minecraft:cobweb":4,"regions_unexplored:medium_grass":1,"minecraft:fern":1}},"DataVersion":3465}