{"stats":{"minecraft:dropped":{"minecraft:oak_sapling":5},"minecraft:custom":{"minecraft:jump":88,"minecraft:time_since_rest":2497,"minecraft:leave_game":1,"minecraft:walk_on_water_one_cm":380,"minecraft:sprint_one_cm":14879,"minecraft:deaths":2,"minecraft:play_time":3376,"minecraft:damage_taken":520,"minecraft:time_since_death":2469,"minecraft:walk_one_cm":9463,"minecraft:total_world_time":3376,"minecraft:walk_under_water_one_cm":454,"minecraft:drop":1,"minecraft:swim_one_cm":1944,"minecraft:fall_one_cm":2626,"minecraft:fly_one_cm":17977,"minecraft:open_chest":5},"minecraft:used":{"minecraft:knowledge_book":8},"minecraft:killed_by":{"alexsmobs:grizzly_bear":2}},"DataVersion":3465}