{"stats":{"minecraft:crafted":{"minecraft:oak_planks":36,"minecraft:iron_chestplate":1,"minecraft:diamond_pickaxe":1,"minecraft:iron_axe":1,"minecraft:crafting_table":1,"minecraft:stick":8,"minecraft:iron_ingot":28,"minecraft:iron_helmet":1,"minecraft:iron_pickaxe":1,"minecraft:iron_leggings":1,"minecraft:bucket":1,"minecraft:air":0},"minecraft:picked_up":{"minecraft:crafting_table":2,"minecraft:raw_iron":14,"minecraft:jungle_log":52,"minecraft:torch":31,"minecraft:dripstone_block":8,"minecraft:oak_log":14,"minecraft:bone":2,"minecraft:clay":1,"minecraft:diamond":5,"minecraft:cobbled_deepslate":76,"minecraft:iron_ingot":2,"minecraft:iron_ore":36,"minecraft:bread":16,"minecraft:bamboo":5,"minecraft:iron_sword":1,"minecraft:coal":58,"minecraft:ender_pearl":1,"minecraft:furnace":2},"minecraft:dropped":{"minecraft:bamboo":5,"minecraft:coal":15},"minecraft:mined":{"minecraft:furnace":2,"minecraft:deepslate_diamond_ore":5,"minecraft:crafting_table":2,"minecraft:oak_log":14,"minecraft:deepslate_iron_ore":14,"minecraft:vine":1,"minecraft:jungle_log":52,"minecraft:bamboo":1,"minecraft:deepslate":78,"minecraft:oak_leaves":7},"minecraft:killed":{"minecraft:skeleton":2,"minecraft:spider":1,"minecraft:enderman":1},"minecraft:custom":{"minecraft:time_since_rest":17348,"minecraft:interact_with_furnace":18,"minecraft:sprint_one_cm":57348,"minecraft:damage_taken":348,"minecraft:walk_one_cm":21865,"minecraft:mob_kills":4,"minecraft:drop":2,"minecraft:damage_dealt":1384,"minecraft:swim_one_cm":4320,"minecraft:interact_with_crafting_table":6,"minecraft:fly_one_cm":50080,"minecraft:crouch_one_cm":12196,"minecraft:play_time":17348,"minecraft:sneak_time":4765,"minecraft:walk_under_water_one_cm":1253,"minecraft:jump":324,"minecraft:time_since_death":17348,"minecraft:walk_on_water_one_cm":5353,"minecraft:climb_one_cm":377,"minecraft:total_world_time":17348,"minecraft:fall_one_cm":11253},"minecraft:used":{"minecraft:water_bucket":3,"minecraft:diamond_pickaxe":71,"minecraft:iron_axe":54,"minecraft:bread":7,"minecraft:oak_planks":10,"minecraft:iron_pickaxe":28,"minecraft:iron_sword":26,"minecraft:iron_chestplate":1,"minecraft:torch":24,"minecraft:crafting_table":2,"minecraft:furnace":2,"minecraft:bucket":4,"alexsmobs:animal_dictionary":1,"minecraft:iron_leggings":1}},"DataVersion":3465}