{"stats":{"minecraft:crafted":{"minecraft:oak_planks":40,"minecraft:fishing_rod":1,"minecraft:cooked_chicken":3,"minecraft:furnace":1,"minecraft:cooked_mutton":6,"minecraft:iron_axe":1,"minecraft:chest":4,"minecraft:diamond_boots":1,"alexsmobs:cooked_catfish":3,"gamma_beasts:cooked_meat":1,"minecraft:cooked_beef":5,"minecraft:diamond_sword":1,"sophisticatedbackpacks:backpack":1,"alexsmobs:cooked_lobster_tail":1,"minecraft:crafting_table":2,"minecraft:iron_helmet":1,"minecraft:cooked_salmon":2,"minecraft:bucket":1,"minecraft:air":0,"minecraft:jungle_planks":108,"minecraft:iron_chestplate":1,"minecraft:diamond_pickaxe":1,"minecraft:stick":12,"minecraft:iron_ingot":28,"minecraft:iron_pickaxe":1,"minecraft:iron_leggings":1,"minecraft:shears":1,"minecraft:diamond_chestplate":1},"minecraft:picked_up":{"minecraft:crafting_table":4,"minecraft:chicken":3,"minecraft:string":6,"minecraft:cooked_salmon":1,"minecraft:blackstone":3,"minecraft:cobbled_deepslate":141,"minecraft:beef":5,"minecraft:calcite":4,"minecraft:furnace":5,"minecraft:raw_iron":19,"minecraft:torch":33,"minecraft:redstone":83,"minecraft:arrow":3,"minecraft:rotten_flesh":8,"minecraft:hay_block":2,"gamma_beasts:coal_nugget":13,"alexsmobs:lobster_tail":1,"minecraft:mutton":6,"minecraft:cod":2,"minecraft:white_wool":2,"minecraft:cobblestone":103,"minecraft:feather":3,"minecraft:jungle_log":52,"minecraft:salmon":3,"minecraft:brown_wool":1,"minecraft:leather":12,"gamma_beasts:prehnite":36,"minecraft:tuff":4,"minecraft:oak_log":14,"minecraft:gunpowder":2,"minecraft:lapis_lazuli":23,"minecraft:bone":3,"minecraft:apple":2,"alexsmobs:cockroach_wing_fragment":1,"minecraft:raw_gold":1,"minecraft:iron_ingot":2,"minecraft:grindstone":1,"minecraft:iron_ore":36,"minecraft:bamboo":5,"minecraft:iron_sword":1,"minecraft:smooth_basalt":6,"minecraft:dripstone_block":8,"minecraft:gravel":1,"minecraft:spider_eye":2,"alexsmobs:raw_catfish":3,"minecraft:clay":1,"minecraft:diamond":19,"minecraft:gray_wool":2,"minecraft:bread":80,"minecraft:coal":190,"minecraft:ender_pearl":1,"minecraft:diamond_pickaxe":3},"minecraft:dropped":{"minecraft:clay":1,"minecraft:iron_sword":1,"minecraft:oak_log":4,"minecraft:dripstone_block":8,"gamma_beasts:coal_nugget":13,"minecraft:cobblestone":13,"minecraft:feather":3,"minecraft:rail":1,"minecraft:coal":15,"minecraft:gray_wool":2,"minecraft:brown_wool":1,"minecraft:white_wool":2,"minecraft:smooth_basalt":6,"minecraft:redstone":83,"minecraft:bone":3,"minecraft:gravel":1,"minecraft:blackstone":3,"minecraft:cobbled_deepslate":141,"minecraft:tuff":4,"minecraft:rotten_flesh":8,"minecraft:grindstone":1,"minecraft:oak_planks":2,"minecraft:gunpowder":2,"alexsmobs:cockroach_wing_fragment":1,"minecraft:diamond_pickaxe":3,"minecraft:iron_chestplate":1,"minecraft:spider_eye":2,"minecraft:bamboo":5,"minecraft:iron_ore":2,"minecraft:arrow":3,"minecraft:calcite":4},"minecraft:mined":{"minecraft:tuff":5,"minecraft:deepslate_diamond_ore":19,"biomesoplenty:desert_grass":1,"minecraft:jungle_log":52,"minecraft:hay_block":2,"minecraft:furnace":5,"minecraft:fire":1,"minecraft:deepslate_lapis_ore":1,"minecraft:vine":1,"minecraft:deepslate_iron_ore":19,"minecraft:bamboo":1,"minecraft:stone":111,"minecraft:deepslate_redstone_ore":19,"minecraft:blackstone":3,"minecraft:crafting_table":4,"minecraft:torch":1,"minecraft:calcite":2,"minecraft:deepslate_gold_ore":1,"minecraft:lapis_ore":4,"gamma_beasts:deepslate_prehnite_ore":36,"minecraft:grass":9,"minecraft:oak_log":14,"minecraft:coal_ore":45,"minecraft:smooth_basalt":4,"minecraft:oak_leaves":7,"minecraft:deepslate":135},"minecraft:killed":{"alexsmobs:lobster":2,"minecraft:spider":6,"minecraft:skeleton":5,"minecraft:chicken":3,"minecraft:zombie_villager":1,"alexsmobs:skunk":1,"minecraft:salmon":3,"minecraft:creeper":2,"minecraft:sheep":5,"alexsmobs:catfish":1,"alexsmobs:cockroach":1,"minecraft:zombie":9,"alexsmobs:terrapin":3,"alexsmobs:crow":1,"minecraft:enderman":1,"minecraft:cow":2},"minecraft:custom":{"minecraft:mob_kills":46,"minecraft:interact_with_crafting_table":15,"minecraft:time_since_death":59348,"minecraft:climb_one_cm":377,"minecraft:sprint_one_cm":232302,"minecraft:walk_one_cm":66425,"minecraft:drop":41,"minecraft:talked_to_villager":1,"minecraft:play_time":59348,"minecraft:sneak_time":13056,"minecraft:walk_under_water_one_cm":9271,"minecraft:jump":1312,"minecraft:walk_on_water_one_cm":14536,"minecraft:total_world_time":59348,"minecraft:interact_with_furnace":47,"minecraft:time_since_rest":59348,"minecraft:damage_taken":1396,"minecraft:damage_absorbed":40,"minecraft:damage_dealt":7134,"minecraft:swim_one_cm":41394,"minecraft:fly_one_cm":230754,"minecraft:open_chest":1,"minecraft:crouch_one_cm":34244,"minecraft:fish_caught":2,"minecraft:fall_one_cm":39516},"minecraft:used":{"minecraft:iron_sword":136,"minecraft:cooked_salmon":3,"minecraft:iron_chestplate":1,"minecraft:torch":48,"minecraft:iron_axe":56,"alexsmobs:cooked_lobster_tail":1,"minecraft:furnace":6,"minecraft:iron_leggings":1,"minecraft:cooked_mutton":6,"minecraft:water_bucket":9,"minecraft:diamond_boots":1,"minecraft:oak_planks":22,"minecraft:golden_apple":1,"minecraft:crafting_table":6,"minecraft:diamond_pickaxe":383,"minecraft:bread":16,"minecraft:iron_pickaxe":28,"minecraft:diamond_sword":18,"minecraft:fishing_rod":6,"minecraft:bucket":10,"alexsmobs:animal_dictionary":1}},"DataVersion":3465}