{"stats":{"minecraft:crafted":{"blue_skies:blue_journal":1,"minecraft:oak_planks":12,"minecraft:air":0},"minecraft:killed":{"minecraft:sheep":6,"minecraft:pig":2},"minecraft:dropped":{"minecraft:dirt":19,"supplementaries:ash":1,"minecraft:gray_wool":2,"minecraft:wheat_seeds":7,"minecraft:oak_sapling":5,"minecraft:knowledge_book":7,"minecraft:light_gray_wool":1,"minecraft:string":5},"minecraft:custom":{"minecraft:time_since_rest":10931,"minecraft:sprint_one_cm":46843,"minecraft:damage_taken":705,"minecraft:walk_one_cm":21890,"minecraft:mob_kills":8,"minecraft:drop":17,"minecraft:damage_dealt":580,"minecraft:traded_with_villager":1,"minecraft:interact_with_crafting_table":1,"minecraft:talked_to_villager":1,"minecraft:swim_one_cm":1944,"minecraft:fly_one_cm":56563,"minecraft:open_barrel":4,"minecraft:open_chest":7,"minecraft:crouch_one_cm":1246,"minecraft:play_time":11810,"minecraft:deaths":2,"minecraft:sneak_time":342,"minecraft:walk_under_water_one_cm":454,"minecraft:jump":225,"minecraft:leave_game":1,"minecraft:time_since_death":10903,"minecraft:walk_on_water_one_cm":380,"minecraft:climb_one_cm":36,"minecraft:total_world_time":11810,"minecraft:fall_one_cm":9853},"minecraft:used":{"minecraft:knowledge_book":14,"minecraft:cooked_mutton":1,"minecraft:iron_sword":25,"minecraft:tadpole_bucket":1,"minecraft:glow_berries":3,"minecraft:mutton":6},"minecraft:killed_by":{"alexsmobs:grizzly_bear":2},"minecraft:picked_up":{"minecraft:stick":2,"minecraft:crafting_table":1,"aether:iron_gloves":1,"minecraft:porkchop":4,"minecraft:oak_log":3,"minecraft:string":2,"minecraft:dirt":38,"minecraft:cooked_mutton":4,"minecraft:bone":1,"supplementaries:cartographers_quill":1,"minecraft:wheat_seeds":7,"minecraft:iron_ingot":16,"minecraft:gray_wool":2,"supplementaries:ash":1,"minecraft:light_gray_wool":1,"minecraft:cobblestone":2,"minecraft:glow_berries":2,"minecraft:mutton":7,"minecraft:iron_sword":1,"minecraft:white_wool":3,"minecraft:iron_boots":1},"minecraft:mined":{"minecraft:crafting_table":1,"minecraft:grass":9,"biomesoplenty:clover":1,"minecraft:oak_log":3,"minecraft:tall_grass":3,"minecraft:fern":1}},"DataVersion":3465}