{"stats":{"minecraft:killed":{"minecraft:cave_spider":1,"minecraft:pig":5,"born_in_chaos_v1:bone_imp_minion":4,"born_in_chaos_v1:restless_spirit":2,"born_in_chaos_v1:baby_skeleton":1,"minecraft:spider":3,"alexsmobs:tasmanian_devil":2,"born_in_chaos_v1:skeleton_thrasher_not_despawn":1,"minecraft:creeper":1,"born_in_chaos_v1:decrepit_skeleton":2,"minecraft:sheep":7,"minecraft:pillager":3,"minecraft:zombie":1,"born_in_chaos_v1:bonescaller_not_despawn":2,"minecraft:stray":2,"alexsmobs:fly":1},"minecraft:crafted":{"blue_skies:blue_journal":1,"minecraft:oak_planks":12,"minecraft:cooked_porkchop":8,"minecraft:cooked_salmon":6,"minecraft:air":0,"minecraft:iron_chestplate":1,"minecraft:iron_axe":1,"minecraft:iron_ingot":9,"minecraft:iron_leggings":1},"minecraft:dropped":{"born_in_chaos_v1:black_argillite_brick_stairs":4,"born_in_chaos_v1:shattered_skull":1,"minecraft:wheat_seeds":13,"minecraft:crafting_table":1,"gamma_beasts:coal_nugget":1,"born_in_chaos_v1:ethereal_spirit":3,"minecraft:rotten_flesh":4,"minecraft:cobblestone":3,"minecraft:knowledge_book":7,"minecraft:light_gray_wool":2,"minecraft:stripped_jungle_log":1,"blue_skies:ventium_ingot":1,"minecraft:carrot":4,"minecraft:red_mushroom":8,"minecraft:dirt":38,"supplementaries:ash":2,"minecraft:gray_wool":4,"minecraft:gunpowder":2,"minecraft:mutton":1,"minecraft:rose_bush":1,"minecraft:oak_sapling":5,"minecraft:chain":4,"minecraft:spider_eye":1,"minecraft:spruce_log":3,"born_in_chaos_v1:black_argillite_brick_wall":1,"minecraft:paper":4,"minecraft:string":5,"minecraft:lily_pad":3,"minecraft:white_wool":3,"minecraft:bone":2},"minecraft:custom":{"minecraft:interact_with_furnace":11,"minecraft:mob_kills":38,"minecraft:traded_with_villager":1,"minecraft:interact_with_crafting_table":3,"minecraft:open_barrel":20,"minecraft:bell_ring":1,"minecraft:damage_dealt_resisted":2118,"minecraft:leave_game":1,"minecraft:time_since_death":12382,"minecraft:sleep_in_bed":1,"minecraft:damage_resisted":24,"minecraft:climb_one_cm":422,"minecraft:time_since_rest":12426,"minecraft:damage_taken":2040,"minecraft:sprint_one_cm":127813,"minecraft:walk_one_cm":66780,"minecraft:drop":49,"minecraft:damage_dealt":6984,"minecraft:swim_one_cm":3249,"minecraft:talked_to_villager":1,"minecraft:fly_one_cm":102050,"minecraft:open_chest":19,"minecraft:crouch_one_cm":17114,"minecraft:play_time":35810,"minecraft:deaths":3,"minecraft:sneak_time":4932,"minecraft:walk_under_water_one_cm":597,"minecraft:interact_with_brewingstand":1,"minecraft:jump":576,"minecraft:walk_on_water_one_cm":608,"minecraft:total_world_time":35810,"minecraft:fall_one_cm":23438},"minecraft:used":{"minecraft:knowledge_book":16,"minecraft:cooked_mutton":2,"minecraft:oak_planks":7,"minecraft:iron_sword":179,"minecraft:cooked_salmon":6,"minecraft:glow_berries":3,"minecraft:mutton":6,"born_in_chaos_v1:smoked_flesh":5,"born_in_chaos_v1:monster_flesh":1,"minecraft:iron_axe":120,"minecraft:bread":2,"minecraft:iron_pickaxe":61,"minecraft:tadpole_bucket":1,"minecraft:cooked_porkchop":3},"minecraft:killed_by":{"born_in_chaos_v1:nightmare_stalker":1,"alexsmobs:grizzly_bear":2},"minecraft:picked_up":{"minecraft:magma_block":28,"minecraft:crafting_table":1,"born_in_chaos_v1:monster_flesh":1,"aether:iron_gloves":1,"born_in_chaos_v1:black_argillite_brick_wall":1,"minecraft:knowledge_book":1,"minecraft:oak_log":3,"minecraft:chain":4,"minecraft:gunpowder":2,"minecraft:paper":2,"minecraft:stripped_birch_log":45,"minecraft:dirt":38,"minecraft:string":12,"minecraft:cooked_mutton":4,"minecraft:bone":14,"supplementaries:cartographers_quill":1,"minecraft:bow":1,"minecraft:wheat_seeds":13,"minecraft:iron_ingot":16,"minecraft:rose_bush":1,"minecraft:light_gray_wool":2,"minecraft:iron_sword":1,"minecraft:iron_boots":1,"minecraft:furnace":2,"minecraft:book":126,"born_in_chaos_v1:shattered_skull":1,"minecraft:stick":2,"minecraft:cooked_porkchop":4,"born_in_chaos_v1:ethereal_spirit":3,"minecraft:porkchop":13,"minecraft:stripped_spruce_log":22,"born_in_chaos_v1:pieceofdarkmetal":1,"minecraft:spruce_log":3,"born_in_chaos_v1:black_argillite_brick_stairs":4,"minecraft:spider_eye":1,"minecraft:arrow":4,"minecraft:stripped_jungle_log":1,"minecraft:rotten_flesh":4,"minecraft:emerald":1,"minecraft:iron_block":1,"gamma_beasts:coal_nugget":1,"minecraft:gray_wool":4,"supplementaries:ash":2,"minecraft:glow_berries":2,"minecraft:mutton":9,"minecraft:coal":7,"minecraft:white_wool":3,"minecraft:cobblestone":3},"minecraft:mined":{"minecraft:basalt":4,"minecraft:stripped_birch_log":48,"minecraft:crafting_table":1,"born_in_chaos_v1:black_argillite_brick_wall":1,"minecraft:decorated_pot":2,"minecraft:rose_bush":1,"minecraft:tall_grass":4,"minecraft:gilded_blackstone":1,"minecraft:spawner":3,"minecraft:chain":3,"minecraft:magma_block":28,"minecraft:furnace":2,"born_in_chaos_v1:black_argillite_brick_stairs":2,"minecraft:spruce_log":3,"minecraft:stripped_spruce_log":26,"minecraft:stone_brick_stairs":1,"minecraft:bookshelf":42,"minecraft:coal_ore":3,"minecraft:bell":1,"minecraft:grass":10,"biomesoplenty:clover":1,"minecraft:oak_log":3,"minecraft:stripped_jungle_log":1,"minecraft:cobweb":4,"regions_unexplored:medium_grass":4,"minecraft:iron_block":1,"minecraft:stone":1,"minecraft:stone_bricks":1,"ad_astra:sky_stone":7,"minecraft:fern":1}},"DataVersion":3465}