{"stats":{"minecraft:crafted":{"minecraft:oak_planks":12,"minecraft:iron_nugget":9,"simplyswords:iron_katana":1,"minecraft:iron_axe":1,"quark:spruce_chest":1,"sophisticatedbackpacks:iron_backpack":1,"blue_skies:blue_journal":1,"sophisticatedbackpacks:backpack":1,"minecraft:cooked_porkchop":8,"minecraft:crafting_table":2,"minecraft:spruce_planks":88,"minecraft:iron_helmet":2,"minecraft:cooked_salmon":6,"sophisticatedbackpacks:gold_backpack":1,"minecraft:birch_planks":4,"minecraft:air":0,"simplyswords:iron_scythe":1,"minecraft:iron_chestplate":1,"minecraft:stick":64,"minecraft:iron_ingot":9,"minecraft:iron_leggings":2,"minecraft:torch":184,"simplyswords:diamond_claymore":1},"minecraft:killed":{"born_in_chaos_v1:zombie_clown":1,"minecraft:cave_spider":2,"alexsmobs:anaconda":1,"born_in_chaos_v1:restless_spirit":4,"minecraft:vindicator":1,"minecraft:spider":5,"alexsmobs:tasmanian_devil":2,"born_in_chaos_v1:skeleton_thrasher_not_despawn":2,"born_in_chaos_v1:scarlet_persecutor":2,"born_in_chaos_v1:siamese_skeletonsright":1,"born_in_chaos_v1:baby_skeleton_minion":3,"born_in_chaos_v1:maggot":8,"quark:forgotten":1,"minecraft:skeleton":6,"born_in_chaos_v1:supreme_bonescaller_stage_2":1,"born_in_chaos_v1:fallen_chaos_knight":1,"minecraft:pig":5,"born_in_chaos_v1:bone_imp_minion":7,"born_in_chaos_v1:baby_skeleton":1,"born_in_chaos_v1:swarmer":2,"minecraft:creeper":3,"born_in_chaos_v1:decrepit_skeleton":2,"minecraft:sheep":7,"minecraft:pillager":3,"alexsmobs:cockroach":2,"minecraft:zombie":9,"born_in_chaos_v1:dread_hound":1,"born_in_chaos_v1:corpse_fly":11,"born_in_chaos_v1:bonescaller_not_despawn":3,"minecraft:stray":6,"alexsmobs:fly":1,"born_in_chaos_v1:siamese_skeletonsleft":1,"minecraft:cow":2},"minecraft:dropped":{"minecraft:soul_sand":6,"born_in_chaos_v1:shattered_skull":1,"minecraft:porkchop":2,"minecraft:wheat_seeds":13,"minecraft:crafting_table":1,"gamma_beasts:coal_nugget":12,"minecraft:weeping_vines":2,"regions_unexplored:pine_shrub":2,"minecraft:iron_helmet":1,"minecraft:cobblestone":52,"minecraft:knowledge_book":33,"minecraft:iron_horse_armor":1,"regions_unexplored:cypress_shrub":1,"minecraft:stripped_jungle_log":1,"blue_skies:ventium_ingot":1,"minecraft:flint":2,"minecraft:red_mushroom":8,"minecraft:red_carpet":5,"sophisticatedbackpacks:gold_backpack":1,"born_in_chaos_v1:monster_flesh":1,"minecraft:dirt":38,"minecraft:gray_wool":4,"minecraft:torch":64,"minecraft:mutton":1,"minecraft:rose_bush":1,"regions_unexplored:purple_coneflower":4,"minecraft:zombie_head":1,"minecraft:iron_leggings":2,"minecraft:chain":4,"born_in_chaos_v1:black_argillite_brick_wall":1,"minecraft:iron_pickaxe":2,"minecraft:iron_shovel":1,"minecraft:paper":4,"minecraft:string":11,"minecraft:lily_pad":3,"minecraft:white_wool":3,"regions_unexplored:redstone_bulb":4,"minecraft:bone":5,"minecraft:redstone":2,"minecraft:gravel":2,"regions_unexplored:raw_redstone_block":1,"born_in_chaos_v1:black_argillite_brick_stairs":4,"simplyswords:iron_katana":1,"minecraft:cobbled_deepslate":312,"minecraft:tuff":38,"born_in_chaos_v1:rotten_fish":2,"born_in_chaos_v1:ethereal_spirit":5,"minecraft:rotten_flesh":16,"minecraft:light_gray_wool":2,"minecraft:oak_planks":5,"born_in_chaos_v1:spiritual_dust":3,"regions_unexplored:hyssop":1,"minecraft:carrot":4,"supplementaries:antique_ink":2,"minecraft:filled_map":1,"supplementaries:ash":5,"minecraft:tipped_arrow":1,"oldguns:design_notes":1,"minecraft:gunpowder":5,"born_in_chaos_v1:spiny_shell":1,"born_in_chaos_v1:corpse_maggot":2,"regions_unexplored:hanging_prismarite":6,"minecraft:oak_sapling":5,"create:limestone":1,"minecraft:spider_eye":3,"minecraft:spruce_log":3,"minecraft:magma_block":29},"minecraft:custom":{"minecraft:mob_kills":109,"minecraft:interact_with_crafting_table":11,"minecraft:open_barrel":29,"minecraft:bell_ring":1,"minecraft:damage_dealt_resisted":5688,"minecraft:leave_game":9,"minecraft:time_since_death":5224,"minecraft:damage_resisted":99,"minecraft:climb_one_cm":854,"minecraft:sprint_one_cm":344223,"minecraft:walk_one_cm":181915,"minecraft:drop":153,"minecraft:talked_to_villager":1,"minecraft:play_time":128731,"minecraft:sneak_time":25397,"minecraft:deaths":6,"minecraft:walk_under_water_one_cm":31909,"minecraft:interact_with_brewingstand":1,"minecraft:jump":1661,"minecraft:walk_on_water_one_cm":32494,"minecraft:total_world_time":128731,"minecraft:interact_with_furnace":16,"minecraft:traded_with_villager":1,"minecraft:sleep_in_bed":3,"minecraft:time_since_rest":5551,"minecraft:damage_taken":6313,"minecraft:damage_dealt":20269,"minecraft:player_kills":1,"minecraft:swim_one_cm":86522,"minecraft:fly_one_cm":249717,"minecraft:open_chest":38,"minecraft:crouch_one_cm":62400,"minecraft:fall_one_cm":57209},"minecraft:broken":{"aether:iron_gloves":1},"minecraft:used":{"minecraft:iron_sword":243,"minecraft:cooked_salmon":6,"minecraft:torch":102,"minecraft:mutton":6,"simplyswords:iron_katana":1,"born_in_chaos_v1:smoked_flesh":12,"minecraft:iron_axe":123,"minecraft:iron_helmet":1,"minecraft:tadpole_bucket":1,"simplyswords:iron_scythe":1,"minecraft:bow":7,"sophisticatedbackpacks:gold_backpack":1,"minecraft:knowledge_book":20,"minecraft:cooked_mutton":12,"minecraft:water_bucket":21,"minecraft:baked_potato":14,"minecraft:oak_planks":7,"minecraft:glow_berries":3,"minecraft:crafting_table":3,"simplyswords:diamond_claymore":216,"minecraft:white_bed":2,"minecraft:diamond_pickaxe":538,"born_in_chaos_v1:monster_flesh":1,"minecraft:bread":5,"minecraft:iron_pickaxe":125,"minecraft:cobblestone":15,"minecraft:cooked_porkchop":15,"minecraft:bucket":22},"minecraft:killed_by":{"born_in_chaos_v1:nightmare_stalker":3,"alexsmobs:grizzly_bear":2,"born_in_chaos_v1:scarlet_persecutor":1},"minecraft:picked_up":{"regions_unexplored:pointed_redstone":2,"sophisticatedbackpacks:gold_backpack":2,"minecraft:crafting_table":3,"born_in_chaos_v1:seedof_chaos":2,"aether:iron_gloves":1,"born_in_chaos_v1:black_argillite_brick_wall":1,"minecraft:knowledge_book":9,"minecraft:chain":4,"minecraft:string":21,"create:limestone":1,"minecraft:iron_shovel":1,"minecraft:zombie_head":1,"minecraft:cobbled_deepslate":318,"minecraft:rose_bush":1,"minecraft:iron_pickaxe":2,"minecraft:light_gray_wool":2,"minecraft:iron_boots":1,"regions_unexplored:pine_shrub":2,"minecraft:furnace":2,"minecraft:tipped_arrow":1,"minecraft:raw_iron":26,"minecraft:stick":2,"born_in_chaos_v1:shattered_skull":1,"minecraft:copper_ingot":7,"minecraft:torch":18,"minecraft:porkchop":13,"regions_unexplored:raw_redstone_block":4,"born_in_chaos_v1:pieceofdarkmetal":5,"born_in_chaos_v1:black_argillite_brick_stairs":4,"minecraft:redstone":311,"minecraft:iron_horse_armor":1,"minecraft:cauldron":2,"regions_unexplored:purple_coneflower":6,"minecraft:arrow":20,"minecraft:weeping_vines":2,"minecraft:rotten_flesh":23,"regions_unexplored:redstone_bulb":4,"supplementaries:antique_ink":2,"minecraft:iron_block":1,"gamma_beasts:coal_nugget":12,"born_in_chaos_v1:spiny_shell":3,"minecraft:gold_ingot":26,"supplementaries:ash":18,"minecraft:glow_berries":2,"minecraft:mutton":9,"minecraft:white_wool":3,"minecraft:cobblestone":125,"born_in_chaos_v1:fused_bone":2,"born_in_chaos_v1:corpse_maggot":14,"minecraft:magma_block":29,"born_in_chaos_v1:monster_flesh":2,"regions_unexplored:hanging_prismarite":6,"born_in_chaos_v1:spiritual_dust":10,"minecraft:leather":4,"gamma_beasts:prehnite":21,"minecraft:flint":2,"minecraft:tuff":38,"create:raw_zinc":48,"minecraft:oak_log":3,"supplementaries:flax_seeds":2,"minecraft:gunpowder":5,"minecraft:lapis_lazuli":23,"minecraft:stripped_birch_log":45,"minecraft:dirt":38,"minecraft:paper":2,"quark:forgotten_hat":1,"minecraft:cooked_mutton":13,"minecraft:red_carpet":5,"minecraft:bone":51,"supplementaries:cartographers_quill":1,"oldguns:design_notes":1,"minecraft:bow":1,"minecraft:wheat_seeds":13,"minecraft:raw_gold":10,"minecraft:iron_ingot":112,"regions_unexplored:cypress_shrub":2,"minecraft:iron_sword":1,"minecraft:soul_sand":6,"minecraft:book":126,"minecraft:cooked_porkchop":7,"born_in_chaos_v1:orbofthe_summoner":1,"born_in_chaos_v1:ethereal_spirit":11,"minecraft:gravel":2,"minecraft:stripped_spruce_log":22,"minecraft:white_bed":2,"minecraft:spruce_log":3,"minecraft:spider_eye":3,"minecraft:stripped_jungle_log":1,"regions_unexplored:hyssop":1,"blue_skies:ventium_ingot":1,"minecraft:slime_ball":1,"minecraft:diamond":22,"minecraft:gray_wool":4,"minecraft:emerald":45,"born_in_chaos_v1:rotten_fish":2,"minecraft:coal":34,"minecraft:diamond_pickaxe":1},"minecraft:mined":{"create:zinc_ore":12,"minecraft:diamond_ore":4,"create:deepslate_zinc_ore":33,"minecraft:tuff":36,"minecraft:red_carpet":1,"minecraft:white_bed":2,"minecraft:deepslate_diamond_ore":18,"sophisticatedbackpacks:gold_backpack":1,"minecraft:stripped_birch_log":48,"biomesoplenty:bush":2,"born_in_chaos_v1:black_argillite_brick_wall":1,"minecraft:decorated_pot":2,"regions_unexplored:elephant_ear":1,"regions_unexplored:purple_coneflower":1,"minecraft:spawner":9,"regions_unexplored:raw_redstone_block":5,"minecraft:gilded_blackstone":1,"minecraft:magma_block":28,"minecraft:furnace":2,"minecraft:polished_basalt":1,"minecraft:iron_ore":4,"born_in_chaos_v1:black_argillite_brick_stairs":2,"gamma_beasts:prehnite_ore":2,"minecraft:stripped_spruce_log":26,"minecraft:deepslate_lapis_ore":4,"minecraft:bell":1,"create:asurine":1,"minecraft:bookshelf":42,"minecraft:deepslate_iron_ore":21,"minecraft:stripped_jungle_log":1,"regions_unexplored:medium_grass":4,"minecraft:iron_block":1,"minecraft:stone":34,"ad_astra:sky_stone":7,"create:limestone":4,"minecraft:deepslate_redstone_ore":66,"minecraft:glass_pane":2,"minecraft:basalt":4,"minecraft:torch":2,"minecraft:crafting_table":3,"regions_unexplored:cypress_shrub":1,"minecraft:rose_bush":1,"minecraft:tall_grass":4,"minecraft:cobblestone":3,"minecraft:deepslate_gold_ore":6,"minecraft:wall_torch":7,"supplementaries:urn":9,"gamma_beasts:deepslate_prehnite_ore":20,"minecraft:chain":3,"regions_unexplored:redstone_bud":5,"minecraft:spruce_log":3,"minecraft:stone_brick_stairs":1,"minecraft:grass":14,"biomesoplenty:clover":1,"minecraft:coal_ore":30,"minecraft:oak_log":3,"minecraft:cobweb":4,"minecraft:stone_bricks":1,"minecraft:oak_leaves":1,"minecraft:deepslate":282,"minecraft:fern":2}},"DataVersion":3465}