{"stats":{"minecraft:killed":{"minecraft:cave_spider":2,"alexsmobs:anaconda":1,"born_in_chaos_v1:restless_spirit":3,"minecraft:spider":5,"minecraft:vindicator":1,"alexsmobs:tasmanian_devil":2,"born_in_chaos_v1:skeleton_thrasher_not_despawn":2,"born_in_chaos_v1:baby_skeleton_minion":3,"born_in_chaos_v1:maggot":8,"minecraft:skeleton":3,"born_in_chaos_v1:supreme_bonescaller_stage_2":1,"minecraft:pig":5,"born_in_chaos_v1:bone_imp_minion":7,"born_in_chaos_v1:baby_skeleton":1,"born_in_chaos_v1:swarmer":1,"minecraft:creeper":2,"born_in_chaos_v1:decrepit_skeleton":2,"minecraft:sheep":7,"minecraft:pillager":3,"alexsmobs:cockroach":2,"minecraft:zombie":6,"born_in_chaos_v1:dread_hound":1,"born_in_chaos_v1:corpse_fly":7,"born_in_chaos_v1:bonescaller_not_despawn":3,"minecraft:stray":6,"alexsmobs:fly":1,"minecraft:cow":2},"minecraft:crafted":{"minecraft:oak_planks":12,"minecraft:iron_nugget":9,"simplyswords:iron_katana":1,"minecraft:iron_axe":1,"quark:spruce_chest":1,"sophisticatedbackpacks:iron_backpack":1,"blue_skies:blue_journal":1,"sophisticatedbackpacks:backpack":1,"minecraft:cooked_porkchop":8,"minecraft:crafting_table":2,"minecraft:spruce_planks":88,"minecraft:iron_helmet":2,"minecraft:cooked_salmon":6,"sophisticatedbackpacks:gold_backpack":1,"minecraft:birch_planks":4,"minecraft:air":0,"simplyswords:iron_scythe":1,"minecraft:iron_chestplate":1,"minecraft:stick":64,"minecraft:iron_ingot":9,"minecraft:iron_leggings":2,"minecraft:torch":184,"simplyswords:diamond_claymore":1},"minecraft:dropped":{"born_in_chaos_v1:shattered_skull":1,"minecraft:porkchop":2,"minecraft:wheat_seeds":13,"minecraft:crafting_table":1,"gamma_beasts:coal_nugget":7,"minecraft:weeping_vines":1,"regions_unexplored:pine_shrub":1,"minecraft:iron_helmet":1,"minecraft:cobblestone":12,"minecraft:knowledge_book":29,"minecraft:iron_horse_armor":1,"regions_unexplored:cypress_shrub":1,"minecraft:stripped_jungle_log":1,"blue_skies:ventium_ingot":1,"minecraft:flint":1,"minecraft:red_mushroom":8,"sophisticatedbackpacks:gold_backpack":1,"born_in_chaos_v1:monster_flesh":1,"minecraft:dirt":38,"minecraft:gray_wool":4,"minecraft:torch":64,"minecraft:mutton":1,"minecraft:rose_bush":1,"regions_unexplored:purple_coneflower":4,"minecraft:zombie_head":1,"minecraft:iron_leggings":1,"minecraft:chain":4,"born_in_chaos_v1:black_argillite_brick_wall":1,"minecraft:iron_pickaxe":1,"minecraft:iron_shovel":1,"minecraft:paper":4,"minecraft:string":11,"minecraft:lily_pad":3,"minecraft:white_wool":3,"regions_unexplored:redstone_bulb":2,"minecraft:redstone":2,"minecraft:bone":5,"regions_unexplored:raw_redstone_block":1,"born_in_chaos_v1:black_argillite_brick_stairs":4,"minecraft:cobbled_deepslate":197,"simplyswords:iron_katana":1,"minecraft:tuff":36,"born_in_chaos_v1:ethereal_spirit":5,"born_in_chaos_v1:rotten_fish":2,"minecraft:rotten_flesh":12,"minecraft:light_gray_wool":2,"minecraft:oak_planks":5,"born_in_chaos_v1:spiritual_dust":3,"regions_unexplored:hyssop":1,"minecraft:carrot":4,"supplementaries:antique_ink":2,"minecraft:filled_map":1,"supplementaries:ash":5,"minecraft:tipped_arrow":1,"minecraft:gunpowder":3,"born_in_chaos_v1:spiny_shell":1,"born_in_chaos_v1:corpse_maggot":1,"regions_unexplored:hanging_prismarite":6,"minecraft:oak_sapling":5,"minecraft:spider_eye":2,"minecraft:spruce_log":3,"minecraft:magma_block":29},"minecraft:custom":{"minecraft:mob_kills":88,"minecraft:interact_with_crafting_table":11,"minecraft:open_barrel":29,"minecraft:bell_ring":1,"minecraft:damage_dealt_resisted":5444,"minecraft:leave_game":6,"minecraft:time_since_death":34959,"minecraft:climb_one_cm":854,"minecraft:damage_resisted":99,"minecraft:sprint_one_cm":299000,"minecraft:walk_one_cm":160354,"minecraft:drop":124,"minecraft:talked_to_villager":1,"minecraft:play_time":111275,"minecraft:sneak_time":20716,"minecraft:deaths":5,"minecraft:walk_under_water_one_cm":31875,"minecraft:jump":1426,"minecraft:interact_with_brewingstand":1,"minecraft:walk_on_water_one_cm":31522,"minecraft:total_world_time":111275,"minecraft:interact_with_furnace":16,"minecraft:traded_with_villager":1,"minecraft:sleep_in_bed":3,"minecraft:time_since_rest":34987,"minecraft:damage_taken":5230,"minecraft:damage_dealt":15295,"minecraft:swim_one_cm":85617,"minecraft:fly_one_cm":219845,"minecraft:player_kills":1,"minecraft:open_chest":36,"minecraft:crouch_one_cm":50128,"minecraft:fall_one_cm":50834},"minecraft:broken":{"aether:iron_gloves":1},"minecraft:used":{"minecraft:iron_sword":243,"minecraft:cooked_salmon":6,"minecraft:torch":61,"minecraft:mutton":6,"simplyswords:iron_katana":1,"born_in_chaos_v1:smoked_flesh":12,"minecraft:iron_axe":123,"minecraft:iron_helmet":1,"minecraft:tadpole_bucket":1,"simplyswords:iron_scythe":1,"minecraft:bow":7,"sophisticatedbackpacks:gold_backpack":1,"minecraft:knowledge_book":20,"minecraft:cooked_mutton":4,"minecraft:water_bucket":15,"minecraft:baked_potato":14,"minecraft:oak_planks":7,"minecraft:glow_berries":3,"minecraft:crafting_table":3,"simplyswords:diamond_claymore":134,"minecraft:white_bed":2,"minecraft:diamond_pickaxe":334,"born_in_chaos_v1:monster_flesh":1,"minecraft:bread":5,"minecraft:iron_pickaxe":125,"minecraft:cobblestone":7,"minecraft:cooked_porkchop":13,"minecraft:bucket":16},"minecraft:killed_by":{"born_in_chaos_v1:nightmare_stalker":3,"alexsmobs:grizzly_bear":2},"minecraft:picked_up":{"sophisticatedbackpacks:gold_backpack":2,"minecraft:crafting_table":3,"born_in_chaos_v1:seedof_chaos":1,"aether:iron_gloves":1,"born_in_chaos_v1:black_argillite_brick_wall":1,"minecraft:knowledge_book":9,"minecraft:chain":4,"minecraft:string":21,"minecraft:iron_shovel":1,"minecraft:zombie_head":1,"minecraft:cobbled_deepslate":212,"minecraft:rose_bush":1,"minecraft:iron_pickaxe":2,"minecraft:light_gray_wool":2,"regions_unexplored:pine_shrub":2,"minecraft:iron_boots":1,"minecraft:furnace":2,"minecraft:tipped_arrow":1,"minecraft:stick":2,"minecraft:raw_iron":19,"born_in_chaos_v1:shattered_skull":1,"minecraft:copper_ingot":7,"minecraft:torch":14,"minecraft:porkchop":13,"regions_unexplored:raw_redstone_block":3,"born_in_chaos_v1:pieceofdarkmetal":1,"born_in_chaos_v1:black_argillite_brick_stairs":4,"minecraft:redstone":153,"minecraft:iron_horse_armor":1,"minecraft:cauldron":2,"regions_unexplored:purple_coneflower":6,"minecraft:arrow":11,"minecraft:weeping_vines":2,"minecraft:rotten_flesh":15,"regions_unexplored:redstone_bulb":2,"supplementaries:antique_ink":2,"minecraft:iron_block":1,"gamma_beasts:coal_nugget":12,"born_in_chaos_v1:spiny_shell":3,"minecraft:gold_ingot":26,"supplementaries:ash":5,"minecraft:glow_berries":2,"minecraft:mutton":9,"minecraft:white_wool":3,"minecraft:cobblestone":122,"born_in_chaos_v1:corpse_maggot":6,"minecraft:magma_block":29,"regions_unexplored:hanging_prismarite":6,"born_in_chaos_v1:monster_flesh":2,"born_in_chaos_v1:spiritual_dust":10,"minecraft:leather":4,"gamma_beasts:prehnite":9,"minecraft:flint":2,"minecraft:tuff":37,"create:raw_zinc":36,"minecraft:oak_log":3,"minecraft:gunpowder":3,"minecraft:lapis_lazuli":23,"minecraft:stripped_birch_log":45,"minecraft:dirt":38,"minecraft:paper":2,"minecraft:cooked_mutton":13,"minecraft:red_carpet":5,"minecraft:bone":42,"supplementaries:cartographers_quill":1,"minecraft:bow":1,"minecraft:wheat_seeds":13,"minecraft:raw_gold":10,"minecraft:iron_ingot":112,"regions_unexplored:cypress_shrub":2,"minecraft:iron_sword":1,"minecraft:soul_sand":6,"minecraft:book":126,"minecraft:cooked_porkchop":7,"born_in_chaos_v1:orbofthe_summoner":1,"born_in_chaos_v1:ethereal_spirit":7,"minecraft:gravel":2,"minecraft:stripped_spruce_log":22,"minecraft:white_bed":2,"minecraft:spruce_log":3,"minecraft:spider_eye":3,"minecraft:stripped_jungle_log":1,"regions_unexplored:hyssop":1,"blue_skies:ventium_ingot":1,"minecraft:diamond":14,"minecraft:gray_wool":4,"minecraft:emerald":45,"born_in_chaos_v1:rotten_fish":2,"minecraft:coal":34,"minecraft:diamond_pickaxe":1},"minecraft:mined":{"create:zinc_ore":12,"minecraft:diamond_ore":4,"create:deepslate_zinc_ore":21,"minecraft:tuff":35,"minecraft:red_carpet":1,"minecraft:white_bed":2,"minecraft:deepslate_diamond_ore":10,"sophisticatedbackpacks:gold_backpack":1,"minecraft:stripped_birch_log":48,"biomesoplenty:bush":2,"born_in_chaos_v1:black_argillite_brick_wall":1,"minecraft:decorated_pot":2,"regions_unexplored:elephant_ear":1,"regions_unexplored:purple_coneflower":1,"regions_unexplored:raw_redstone_block":2,"minecraft:spawner":8,"minecraft:gilded_blackstone":1,"minecraft:magma_block":28,"minecraft:furnace":2,"minecraft:polished_basalt":1,"minecraft:iron_ore":4,"born_in_chaos_v1:black_argillite_brick_stairs":2,"gamma_beasts:prehnite_ore":2,"minecraft:stripped_spruce_log":26,"minecraft:deepslate_lapis_ore":4,"minecraft:bell":1,"create:asurine":1,"minecraft:bookshelf":42,"minecraft:deepslate_iron_ore":14,"minecraft:stripped_jungle_log":1,"regions_unexplored:medium_grass":4,"minecraft:stone":34,"minecraft:iron_block":1,"ad_astra:sky_stone":7,"minecraft:deepslate_redstone_ore":31,"minecraft:glass_pane":2,"minecraft:basalt":4,"minecraft:torch":2,"minecraft:crafting_table":3,"regions_unexplored:cypress_shrub":1,"minecraft:rose_bush":1,"minecraft:tall_grass":4,"minecraft:deepslate_gold_ore":6,"minecraft:wall_torch":4,"supplementaries:urn":9,"gamma_beasts:deepslate_prehnite_ore":8,"minecraft:chain":3,"minecraft:spruce_log":3,"minecraft:stone_brick_stairs":1,"minecraft:grass":14,"biomesoplenty:clover":1,"minecraft:coal_ore":30,"minecraft:oak_log":3,"minecraft:cobweb":4,"minecraft:stone_bricks":1,"minecraft:oak_leaves":1,"minecraft:deepslate":168,"minecraft:fern":2}},"DataVersion":3465}