{"stats":{"minecraft:crafted":{"minecraft:oak_planks":40,"minecraft:fishing_rod":1,"alexsmobs:cooked_lobster_tail":1,"minecraft:crafting_table":2,"minecraft:iron_helmet":1,"minecraft:furnace":1,"minecraft:cooked_salmon":2,"minecraft:bucket":1,"minecraft:air":0,"minecraft:iron_chestplate":1,"minecraft:diamond_pickaxe":1,"minecraft:iron_axe":1,"minecraft:stick":12,"minecraft:iron_ingot":28,"minecraft:iron_pickaxe":1,"minecraft:diamond_boots":1,"minecraft:iron_leggings":1},"minecraft:picked_up":{"minecraft:crafting_table":4,"minecraft:feather":3,"minecraft:chicken":3,"minecraft:salmon":3,"minecraft:jungle_log":52,"minecraft:brown_wool":1,"gamma_beasts:prehnite":36,"minecraft:tuff":4,"minecraft:oak_log":14,"minecraft:gunpowder":2,"minecraft:lapis_lazuli":23,"minecraft:string":6,"minecraft:cooked_salmon":1,"minecraft:bone":3,"minecraft:blackstone":3,"minecraft:raw_gold":1,"minecraft:cobbled_deepslate":130,"alexsmobs:cockroach_wing_fragment":1,"minecraft:iron_ingot":2,"minecraft:iron_ore":36,"minecraft:calcite":4,"minecraft:bamboo":5,"minecraft:iron_sword":1,"minecraft:furnace":4,"minecraft:raw_iron":19,"minecraft:smooth_basalt":6,"minecraft:torch":33,"minecraft:gravel":1,"minecraft:dripstone_block":8,"minecraft:redstone":83,"minecraft:spider_eye":2,"minecraft:arrow":3,"minecraft:rotten_flesh":8,"minecraft:clay":1,"minecraft:diamond":19,"minecraft:gray_wool":1,"gamma_beasts:coal_nugget":13,"minecraft:bread":16,"minecraft:mutton":6,"minecraft:white_wool":2,"minecraft:cobblestone":103,"minecraft:coal":148,"alexsmobs:lobster_tail":1,"minecraft:diamond_pickaxe":3,"minecraft:ender_pearl":1},"minecraft:dropped":{"minecraft:gravel":1,"minecraft:clay":1,"minecraft:blackstone":3,"minecraft:cobbled_deepslate":2,"minecraft:tuff":4,"minecraft:dripstone_block":8,"minecraft:cobblestone":13,"minecraft:rotten_flesh":8,"minecraft:oak_planks":2,"minecraft:rail":1,"minecraft:coal":15,"alexsmobs:cockroach_wing_fragment":1,"minecraft:gunpowder":2,"minecraft:diamond_pickaxe":3,"minecraft:spider_eye":2,"minecraft:bamboo":5,"minecraft:iron_ore":2,"minecraft:calcite":4,"minecraft:bone":2,"minecraft:redstone":83,"minecraft:smooth_basalt":6},"minecraft:mined":{"minecraft:deepslate_redstone_ore":19,"minecraft:tuff":5,"minecraft:blackstone":3,"minecraft:deepslate_diamond_ore":19,"minecraft:crafting_table":4,"minecraft:torch":1,"minecraft:calcite":2,"minecraft:jungle_log":52,"minecraft:lapis_ore":4,"minecraft:deepslate_gold_ore":1,"gamma_beasts:deepslate_prehnite_ore":36,"minecraft:furnace":4,"minecraft:fire":1,"minecraft:deepslate_lapis_ore":1,"minecraft:grass":9,"minecraft:coal_ore":45,"minecraft:oak_log":14,"minecraft:deepslate_iron_ore":19,"minecraft:vine":1,"minecraft:smooth_basalt":4,"minecraft:bamboo":1,"minecraft:stone":111,"minecraft:oak_leaves":7,"minecraft:deepslate":135},"minecraft:killed":{"alexsmobs:lobster":2,"alexsmobs:skunk":1,"minecraft:salmon":3,"minecraft:spider":6,"minecraft:creeper":2,"minecraft:sheep":5,"minecraft:skeleton":5,"minecraft:zombie":9,"alexsmobs:cockroach":1,"alexsmobs:terrapin":1,"minecraft:chicken":3,"alexsmobs:crow":1,"minecraft:enderman":1},"minecraft:custom":{"minecraft:interact_with_furnace":26,"minecraft:mob_kills":40,"minecraft:interact_with_crafting_table":10,"minecraft:time_since_death":47348,"minecraft:climb_one_cm":377,"minecraft:time_since_rest":47348,"minecraft:sprint_one_cm":204633,"minecraft:damage_absorbed":40,"minecraft:damage_taken":1069,"minecraft:walk_one_cm":55803,"minecraft:drop":26,"minecraft:damage_dealt":6314,"minecraft:talked_to_villager":1,"minecraft:swim_one_cm":15933,"minecraft:fly_one_cm":187804,"minecraft:crouch_one_cm":33207,"minecraft:play_time":47348,"minecraft:sneak_time":12613,"minecraft:walk_under_water_one_cm":4049,"minecraft:jump":1118,"minecraft:walk_on_water_one_cm":11381,"minecraft:total_world_time":47348,"minecraft:fall_one_cm":33455},"minecraft:used":{"minecraft:water_bucket":9,"minecraft:diamond_boots":1,"minecraft:oak_planks":22,"minecraft:iron_sword":136,"minecraft:cooked_salmon":3,"minecraft:iron_chestplate":1,"minecraft:torch":48,"minecraft:golden_apple":1,"minecraft:crafting_table":5,"minecraft:diamond_pickaxe":382,"minecraft:iron_axe":56,"minecraft:bread":16,"alexsmobs:cooked_lobster_tail":1,"minecraft:iron_pickaxe":28,"minecraft:furnace":5,"minecraft:bucket":10,"alexsmobs:animal_dictionary":1,"minecraft:iron_leggings":1}},"DataVersion":3465}