{"stats":{"minecraft:killed":{"minecraft:cave_spider":5,"born_in_chaos_v1:door_knight_not_despawn":1,"minecraft:spider":4,"born_in_chaos_v1:thornshell_crab":1,"born_in_chaos_v1:baby_skeleton_minion":2,"minecraft:skeleton":1,"born_in_chaos_v1:skeleton_thrasher":1,"born_in_chaos_v1:supreme_bonescaller_stage_2":1,"minecraft:pig":3,"born_in_chaos_v1:bone_imp_minion":10,"born_in_chaos_v1:decrepit_skeleton":1,"minecraft:sheep":6,"minecraft:pillager":4,"minecraft:zombie":1,"born_in_chaos_v1:dread_hound":1,"born_in_chaos_v1:corpse_fly":1,"born_in_chaos_v1:bonescaller_not_despawn":1,"born_in_chaos_v1:door_knight":1,"minecraft:cow":2},"minecraft:crafted":{"minecraft:oak_planks":28,"minecraft:cooked_mutton":9,"born_in_chaos_v1:bone_handle":1,"minecraft:stone_pickaxe":1,"minecraft:wheat":54,"minecraft:cooked_porkchop":4,"minecraft:crafting_table":1,"minecraft:wooden_pickaxe":1,"minecraft:cooked_salmon":4,"minecraft:stone_axe":1,"minecraft:air":0,"minecraft:bread":21,"born_in_chaos_v1:staffofthe_summoner":1,"minecraft:white_wool":1,"minecraft:diamond_pickaxe":1,"minecraft:stick":16,"minecraft:stone_sword":1,"minecraft:white_bed":2},"minecraft:custom":{"minecraft:mob_kills":50,"minecraft:interact_with_crafting_table":11,"minecraft:open_barrel":15,"minecraft:damage_dealt_resisted":4036,"minecraft:leave_game":5,"minecraft:time_since_death":537,"minecraft:climb_one_cm":4166,"minecraft:damage_resisted":197,"minecraft:sprint_one_cm":247089,"minecraft:walk_one_cm":167289,"minecraft:drop":74,"minecraft:talked_to_villager":1,"minecraft:play_time":97223,"minecraft:deaths":16,"minecraft:sneak_time":5283,"minecraft:walk_under_water_one_cm":15251,"minecraft:jump":1641,"minecraft:walk_on_water_one_cm":7690,"minecraft:total_world_time":97223,"minecraft:interact_with_furnace":17,"minecraft:sleep_in_bed":3,"minecraft:time_since_rest":587,"minecraft:damage_taken":7594,"minecraft:damage_absorbed":40,"minecraft:damage_dealt":9557,"minecraft:swim_one_cm":69736,"minecraft:fly_one_cm":306748,"minecraft:open_chest":46,"minecraft:crouch_one_cm":16716,"minecraft:fall_one_cm":58351},"minecraft:dropped":{"minecraft:iron_ingot":112,"minecraft:iron_sword":1,"alexsmobs:shark_tooth_arrow":1,"minecraft:soul_sand":6,"born_in_chaos_v1:shattered_skull":1,"minecraft:porkchop":2,"minecraft:wheat_seeds":10,"minecraft:oak_log":1,"minecraft:crafting_table":1,"gamma_beasts:coal_nugget":1,"minecraft:cooked_porkchop":3,"biomesoplenty:maple_sapling":1,"minecraft:weeping_vines":1,"minecraft:cobblestone":4,"minecraft:knowledge_book":4,"minecraft:copper_ingot":7,"blue_skies:ventium_ingot":1,"minecraft:chainmail_helmet":1,"minecraft:coal":10,"minecraft:red_mushroom":8,"minecraft:emerald":41,"minecraft:stick":4,"born_in_chaos_v1:monster_flesh":1,"minecraft:dirt":57,"minecraft:gray_wool":2,"regions_unexplored:purple_coneflower":8,"regions_unexplored:large_prismarite_cluster":1,"minecraft:iron_pickaxe":1,"minecraft:string":11,"minecraft:lily_pad":3,"minecraft:cauldron":2,"minecraft:gold_ingot":26,"minecraft:bone":7,"minecraft:wheat":4,"minecraft:rotten_flesh":7,"minecraft:light_gray_wool":1,"minecraft:iron_boots":1,"born_in_chaos_v1:spiritual_dust":4,"regions_unexplored:hyssop":1,"supplementaries:ash":1,"supplementaries:cartographers_quill":1,"aether:iron_gloves":1,"minecraft:diamond_pickaxe":1,"born_in_chaos_v1:corpse_maggot":1,"minecraft:arrow":9,"minecraft:bow":2,"minecraft:wooden_pickaxe":1,"minecraft:brick":4},"minecraft:used":{"minecraft:iron_sword":303,"minecraft:cooked_salmon":4,"simplyswords:gold_warglaive":11,"minecraft:dirt":2,"minecraft:obsidian":1,"minecraft:furnace":2,"minecraft:knowledge_book":60,"minecraft:stone_pickaxe":2,"minecraft:wooden_pickaxe":10,"minecraft:golden_apple":1,"minecraft:crafting_table":3,"minecraft:white_bed":4,"minecraft:diamond_pickaxe":55,"born_in_chaos_v1:monster_flesh":4,"minecraft:bread":33,"minecraft:iron_pickaxe":6,"born_in_chaos_v1:staffofthe_summoner":2,"minecraft:stone_axe":6,"minecraft:cobblestone":1,"minecraft:cooked_porkchop":1,"minecraft:chain":2},"minecraft:killed_by":{"minecraft:player":1,"born_in_chaos_v1:nightmare_stalker":2,"minecraft:stray":1,"minecraft:creeper":2,"minecraft:vindicator":3,"alexsmobs:grizzly_bear":2,"alexsmobs:anaconda":1},"minecraft:picked_up":{"minecraft:crafting_table":4,"minecraft:wheat":4,"born_in_chaos_v1:seedof_chaos":1,"minecraft:knowledge_book":2,"minecraft:chain":2,"minecraft:brick":4,"minecraft:string":26,"minecraft:iron_leggings":1,"minecraft:beef":4,"minecraft:light_gray_wool":1,"minecraft:furnace":2,"minecraft:tipped_arrow":1,"born_in_chaos_v1:shattered_skull":4,"regions_unexplored:elephant_ear":1,"minecraft:porkchop":7,"born_in_chaos_v1:pieceofdarkmetal":2,"minecraft:cauldron":2,"regions_unexplored:purple_coneflower":8,"minecraft:arrow":4,"minecraft:weeping_vines":1,"minecraft:rotten_flesh":8,"minecraft:hay_block":6,"minecraft:iron_block":2,"gamma_beasts:coal_nugget":1,"supplementaries:ash":1,"minecraft:mutton":9,"minecraft:white_wool":5,"minecraft:cobblestone":13,"born_in_chaos_v1:corpse_maggot":1,"born_in_chaos_v1:monster_flesh":1,"born_in_chaos_v1:spiritual_dust":4,"minecraft:red_mushroom":8,"minecraft:oak_log":8,"minecraft:lily_pad":3,"minecraft:dirt":59,"born_in_chaos_v1:monster_skin":1,"minecraft:red_carpet":2,"regions_unexplored:large_prismarite_cluster":1,"minecraft:bone":11,"minecraft:wheat_seeds":10,"minecraft:iron_ingot":2,"minecraft:soul_sand":6,"minecraft:cooked_porkchop":3,"born_in_chaos_v1:orbofthe_summoner":1,"minecraft:stripped_spruce_log":1,"minecraft:white_bed":4,"minecraft:spider_eye":1,"regions_unexplored:hyssop":1,"biomesoplenty:maple_sapling":1,"minecraft:iron_helmet":1,"minecraft:gray_wool":2,"minecraft:emerald":1,"minecraft:black_wool":1,"minecraft:coal":10},"minecraft:mined":{"minecraft:white_bed":4,"regions_unexplored:willow_leaves":1,"regions_unexplored:cypress_leaves":1,"biomesoplenty:bush":1,"minecraft:decorated_pot":1,"regions_unexplored:pine_shrub":1,"minecraft:soul_soil":2,"regions_unexplored:maple_leaves":1,"regions_unexplored:elephant_ear":1,"regions_unexplored:purple_coneflower":1,"regions_unexplored:large_prismarite_cluster":1,"minecraft:gilded_blackstone":1,"minecraft:spawner":9,"minecraft:large_fern":4,"minecraft:hay_block":6,"minecraft:magma_block":11,"regions_unexplored:pointed_redstone":1,"minecraft:furnace":2,"minecraft:polished_basalt":1,"biomesoplenty:high_grass":2,"regions_unexplored:medium_grass":4,"minecraft:stone":9,"minecraft:iron_block":2,"ad_astra:sky_stone":1,"minecraft:blackstone":1,"minecraft:soul_sand":6,"minecraft:basalt":11,"minecraft:crafting_table":5,"minecraft:tall_grass":6,"minecraft:cobblestone":2,"minecraft:cauldron":2,"minecraft:chain":3,"biomesoplenty:maple_leaves":5,"minecraft:grass":7,"minecraft:oak_log":7,"minecraft:coal_ore":10,"minecraft:cobweb":6,"create:crimsite":1,"minecraft:fern":1}},"DataVersion":3465}