{"stats":{"minecraft:killed":{"minecraft:pig":3,"born_in_chaos_v1:door_knight_not_despawn":1,"minecraft:sheep":6,"born_in_chaos_v1:dread_hound":1},"minecraft:crafted":{"minecraft:oak_planks":28,"minecraft:cooked_porkchop":4,"minecraft:crafting_table":1,"minecraft:wooden_pickaxe":1,"minecraft:cooked_salmon":4,"minecraft:stone_axe":1,"minecraft:cooked_mutton":9,"minecraft:bread":21,"minecraft:air":0,"minecraft:white_wool":1,"minecraft:diamond_pickaxe":1,"minecraft:stick":12,"minecraft:stone_pickaxe":1,"minecraft:stone_sword":1,"minecraft:white_bed":2,"minecraft:wheat":54},"minecraft:custom":{"minecraft:interact_with_furnace":16,"minecraft:mob_kills":12,"minecraft:interact_with_crafting_table":7,"minecraft:open_barrel":11,"minecraft:damage_dealt_resisted":220,"minecraft:leave_game":1,"minecraft:time_since_death":20129,"minecraft:sleep_in_bed":1,"minecraft:climb_one_cm":948,"minecraft:time_since_rest":1061,"minecraft:sprint_one_cm":87244,"minecraft:damage_taken":1399,"minecraft:walk_one_cm":63770,"minecraft:drop":35,"minecraft:damage_dealt":1353,"minecraft:talked_to_villager":1,"minecraft:fly_one_cm":96212,"minecraft:open_chest":22,"minecraft:crouch_one_cm":4579,"minecraft:play_time":31621,"minecraft:deaths":4,"minecraft:sneak_time":1434,"minecraft:walk_under_water_one_cm":231,"minecraft:jump":421,"minecraft:walk_on_water_one_cm":712,"minecraft:total_world_time":31621,"minecraft:fall_one_cm":19031},"minecraft:dropped":{"minecraft:iron_ingot":16,"minecraft:iron_sword":1,"minecraft:porkchop":2,"minecraft:wheat_seeds":7,"minecraft:oak_log":1,"minecraft:wheat":4,"minecraft:knowledge_book":3,"minecraft:cobblestone":4,"minecraft:rotten_flesh":6,"minecraft:light_gray_wool":1,"minecraft:iron_boots":1,"born_in_chaos_v1:monster_flesh":1,"minecraft:dirt":38,"supplementaries:ash":1,"minecraft:gray_wool":2,"supplementaries:cartographers_quill":1,"aether:iron_gloves":1,"minecraft:bow":1,"minecraft:wooden_pickaxe":1,"minecraft:lily_pad":3,"minecraft:bone":3},"minecraft:used":{"minecraft:knowledge_book":42,"minecraft:stone_pickaxe":2,"minecraft:wooden_pickaxe":10,"minecraft:iron_sword":50,"minecraft:cooked_salmon":1,"minecraft:dirt":2,"minecraft:crafting_table":2,"minecraft:white_bed":2,"minecraft:bread":5,"minecraft:iron_pickaxe":6,"minecraft:stone_axe":6,"minecraft:furnace":2},"minecraft:killed_by":{"minecraft:creeper":1,"alexsmobs:grizzly_bear":2},"minecraft:picked_up":{"minecraft:crafting_table":2,"minecraft:wheat":4,"born_in_chaos_v1:monster_flesh":1,"minecraft:red_mushroom":8,"minecraft:knowledge_book":2,"minecraft:oak_log":8,"minecraft:lily_pad":3,"minecraft:dirt":40,"minecraft:string":8,"born_in_chaos_v1:monster_skin":1,"minecraft:bone":4,"minecraft:wheat_seeds":7,"minecraft:iron_ingot":1,"minecraft:light_gray_wool":1,"minecraft:furnace":2,"minecraft:porkchop":7,"minecraft:cauldron":2,"minecraft:rotten_flesh":7,"minecraft:hay_block":6,"minecraft:gray_wool":2,"supplementaries:ash":1,"minecraft:black_wool":1,"minecraft:mutton":9,"minecraft:white_wool":5,"minecraft:cobblestone":12},"minecraft:mined":{"minecraft:crafting_table":5,"minecraft:tall_grass":5,"minecraft:cobblestone":2,"minecraft:spawner":3,"minecraft:cauldron":2,"minecraft:large_fern":1,"minecraft:hay_block":6,"minecraft:furnace":2,"minecraft:grass":4,"minecraft:oak_log":7,"minecraft:cobweb":5,"minecraft:stone":8}},"DataVersion":3465}