{"stats":{"minecraft:picked_up":{"minecraft:birch_stairs":14,"minecraft:ender_pearl":1},"minecraft:dropped":{"minecraft:diamond_sword":1,"minecraft:ender_pearl":1,"minecraft:golden_horse_armor":1,"minecraft:birch_stairs":14},"minecraft:killed":{"minecraft:enderman":1},"minecraft:custom":{"minecraft:jump":101,"minecraft:time_since_rest":5230,"minecraft:damage_dealt":400,"minecraft:crouch_one_cm":184,"minecraft:sprint_one_cm":8319,"minecraft:play_time":5230,"minecraft:time_since_death":5230,"minecraft:walk_one_cm":11888,"minecraft:climb_one_cm":544,"minecraft:sneak_time":41,"minecraft:total_world_time":5230,"minecraft:mob_kills":1,"minecraft:drop":17,"minecraft:fly_one_cm":72904},"minecraft:used":{"minecraft:diamond_sword":6}},"DataVersion":3465}