{"stats":{"minecraft:crafted":{"minecraft:oak_planks":64,"gamma_beasts:prehnite_armor_boots":1,"gamma_beasts:prehnite_axe":1,"minecraft:crafting_table":1,"minecraft:cooked_chicken":4,"gamma_beasts:prehnite_armor_chestplate":1,"minecraft:air":0,"gamma_beasts:prehnite_sword":2,"gamma_beasts:prehnite_armor_leggings":1,"minecraft:stick":27,"minecraft:iron_ingot":4,"minecraft:iron_pickaxe":1,"gamma_beasts:prehnite_armor_helmet":1,"minecraft:torch":60,"gamma_beasts:prehnite_pickaxe":1},"minecraft:picked_up":{"minecraft:iron_chestplate":1,"minecraft:crafting_table":2,"gamma_beasts:prehnite_armor_chestplate":2,"minecraft:feather":25,"minecraft:chicken":18,"minecraft:leather":63,"gamma_beasts:prehnite":307,"minecraft:tuff":46,"minecraft:brewing_stand":1,"minecraft:gunpowder":1,"gamma_beasts:prehnite_armor_boots":2,"minecraft:lapis_lazuli":38,"minecraft:iron_leggings":5,"gamma_beasts:prehnite_armor_helmet":2,"minecraft:bone":54,"minecraft:blackstone":6,"minecraft:bow":3,"alexsmobs:cockroach_wing_fragment":1,"minecraft:wheat_seeds":5,"minecraft:cobbled_deepslate":101,"minecraft:raw_gold":12,"gamma_beasts:prehnite_armor_leggings":2,"minecraft:beef":37,"minecraft:cooked_chicken":2,"alexsmobs:elastic_tendon":4,"minecraft:calcite":2,"minecraft:iron_pickaxe":2,"minecraft:bamboo":235,"gamma_beasts:prehnite_sword":2,"minecraft:oak_planks":303,"minecraft:furnace":3,"minecraft:iron_boots":1,"minecraft:egg":2,"gamma_beasts:prehnite_axe":5,"minecraft:raw_iron":33,"minecraft:stick":8,"minecraft:torch":117,"minecraft:gravel":1,"minecraft:birch_stairs":14,"minecraft:porkchop":16,"minecraft:white_bed":4,"minecraft:leather_helmet":1,"gamma_beasts:prehnite_pickaxe":2,"minecraft:rotten_flesh":15,"minecraft:arrow":15,"minecraft:diamond":36,"minecraft:tropical_fish":2,"minecraft:peony":2,"minecraft:hay_block":9,"minecraft:iron_helmet":1,"minecraft:black_wool":1,"gamma_beasts:coal_nugget":2,"minecraft:bread":25,"minecraft:mutton":6,"minecraft:coal":52,"minecraft:white_wool":2,"minecraft:cobblestone":318,"minecraft:ender_pearl":1},"minecraft:dropped":{"minecraft:gravel":1,"minecraft:iron_ingot":1,"minecraft:bread":16,"minecraft:iron_sword":1,"minecraft:blackstone":3,"minecraft:wheat_seeds":1,"minecraft:cobbled_deepslate":25,"minecraft:ender_pearl":1,"minecraft:golden_horse_armor":1,"gamma_beasts:coal_nugget":1,"minecraft:feather":1,"minecraft:cobblestone":31,"minecraft:rotten_flesh":15,"gamma_beasts:prehnite":87,"minecraft:white_bed":1,"minecraft:coal":48,"minecraft:diamond_sword":2,"minecraft:gunpowder":1,"alexsmobs:cockroach_wing_fragment":1,"minecraft:torch":30,"minecraft:bamboo":2,"minecraft:iron_ore":48,"minecraft:birch_stairs":14,"minecraft:bone":2},"minecraft:mined":{"minecraft:tuff":23,"minecraft:blackstone":3,"minecraft:deepslate_diamond_ore":17,"biomesoplenty:desert_grass":1,"minecraft:brewing_stand":1,"minecraft:crafting_table":2,"minecraft:calcite":2,"minecraft:deepslate_gold_ore":7,"minecraft:hay_block":9,"gamma_beasts:deepslate_prehnite_ore":15,"minecraft:furnace":2,"minecraft:cobbled_deepslate":5,"minecraft:deepslate_lapis_ore":3,"minecraft:peony":1,"minecraft:grass":24,"minecraft:coal_ore":3,"minecraft:gravel":2,"minecraft:bamboo":8,"minecraft:stone":145,"minecraft:deepslate":45,"minecraft:fern":1,"minecraft:oak_leaves":3},"minecraft:killed":{"minecraft:witch":1,"minecraft:zombie_villager":1,"minecraft:spider":1,"alexsmobs:murmur":1,"alexsmobs:seagull":1,"minecraft:sheep":3,"minecraft:skeleton":9,"minecraft:zombie":12,"minecraft:chicken":5,"minecraft:enderman":1,"minecraft:cow":9},"minecraft:custom":{"minecraft:interact_with_furnace":9,"minecraft:mob_kills":45,"minecraft:interact_with_crafting_table":7,"minecraft:time_since_death":5727,"minecraft:damage_resisted":677,"minecraft:climb_one_cm":1212,"minecraft:time_since_rest":5758,"minecraft:sprint_one_cm":148439,"minecraft:damage_taken":3381,"minecraft:walk_one_cm":292490,"minecraft:drop":81,"minecraft:damage_dealt":6061,"minecraft:swim_one_cm":9755,"minecraft:fly_one_cm":318765,"minecraft:crouch_one_cm":9555,"minecraft:play_time":59230,"minecraft:deaths":7,"minecraft:sneak_time":2320,"minecraft:walk_under_water_one_cm":6302,"minecraft:jump":1528,"minecraft:walk_on_water_one_cm":23098,"minecraft:total_world_time":59230,"minecraft:fall_one_cm":39937},"minecraft:killed_by":{"minecraft:skeleton":4,"minecraft:creeper":1},"minecraft:used":{"minecraft:tropical_fish":1,"minecraft:oak_planks":33,"gamma_beasts:prehnite_sword":138,"minecraft:iron_sword":9,"minecraft:cooked_chicken":4,"minecraft:torch":21,"gamma_beasts:prehnite_axe":1,"minecraft:crafting_table":4,"minecraft:white_bed":1,"gamma_beasts:prehnite_pickaxe":202,"minecraft:tuff":2,"minecraft:oak_log":22,"minecraft:bread":14,"minecraft:iron_pickaxe":71,"minecraft:iron_boots":1,"minecraft:diamond_sword":15,"minecraft:bow":1,"minecraft:furnace":2,"minecraft:egg":1,"minecraft:cobbled_deepslate":40,"minecraft:iron_leggings":1}},"DataVersion":3465}