{"stats":{"minecraft:killed":{"minecraft:pig":3,"born_in_chaos_v1:bone_imp_minion":5,"born_in_chaos_v1:door_knight_not_despawn":1,"born_in_chaos_v1:baby_skeleton_minion":1,"minecraft:sheep":6,"minecraft:zombie":1,"born_in_chaos_v1:dread_hound":1,"born_in_chaos_v1:corpse_fly":1,"born_in_chaos_v1:supreme_bonescaller_stage_2":1},"minecraft:crafted":{"minecraft:oak_planks":28,"minecraft:cooked_porkchop":4,"minecraft:crafting_table":1,"minecraft:wooden_pickaxe":1,"minecraft:cooked_salmon":4,"minecraft:stone_axe":1,"minecraft:cooked_mutton":9,"minecraft:bread":21,"minecraft:air":0,"minecraft:white_wool":1,"minecraft:diamond_pickaxe":1,"minecraft:stick":12,"minecraft:stone_pickaxe":1,"minecraft:stone_sword":1,"minecraft:white_bed":2,"minecraft:wheat":54},"minecraft:custom":{"minecraft:interact_with_furnace":16,"minecraft:mob_kills":21,"minecraft:interact_with_crafting_table":7,"minecraft:open_barrel":14,"minecraft:damage_dealt_resisted":1216,"minecraft:leave_game":1,"minecraft:time_since_death":32129,"minecraft:sleep_in_bed":1,"minecraft:climb_one_cm":1678,"minecraft:damage_resisted":28,"minecraft:time_since_rest":13061,"minecraft:sprint_one_cm":131276,"minecraft:damage_taken":1961,"minecraft:walk_one_cm":86417,"minecraft:drop":41,"minecraft:damage_dealt":3490,"minecraft:swim_one_cm":2194,"minecraft:talked_to_villager":1,"minecraft:fly_one_cm":148428,"minecraft:open_chest":31,"minecraft:crouch_one_cm":6338,"minecraft:play_time":43621,"minecraft:deaths":4,"minecraft:sneak_time":2268,"minecraft:walk_under_water_one_cm":321,"minecraft:jump":645,"minecraft:walk_on_water_one_cm":940,"minecraft:total_world_time":43621,"minecraft:fall_one_cm":27900},"minecraft:dropped":{"minecraft:iron_ingot":16,"minecraft:iron_sword":1,"minecraft:porkchop":2,"minecraft:wheat_seeds":7,"minecraft:oak_log":1,"minecraft:wheat":4,"minecraft:knowledge_book":3,"minecraft:cobblestone":4,"minecraft:rotten_flesh":7,"minecraft:light_gray_wool":1,"minecraft:iron_boots":1,"minecraft:red_mushroom":8,"born_in_chaos_v1:monster_flesh":1,"minecraft:dirt":38,"supplementaries:ash":1,"minecraft:gray_wool":2,"supplementaries:cartographers_quill":1,"aether:iron_gloves":1,"born_in_chaos_v1:corpse_maggot":1,"minecraft:arrow":8,"minecraft:bow":1,"minecraft:wooden_pickaxe":1,"minecraft:string":5,"minecraft:lily_pad":3,"minecraft:brick":4,"minecraft:bone":3},"minecraft:used":{"minecraft:knowledge_book":46,"minecraft:stone_pickaxe":2,"minecraft:wooden_pickaxe":10,"minecraft:iron_sword":104,"simplyswords:gold_warglaive":11,"minecraft:cooked_salmon":4,"minecraft:dirt":2,"minecraft:crafting_table":2,"minecraft:white_bed":2,"minecraft:diamond_pickaxe":32,"minecraft:bread":10,"minecraft:iron_pickaxe":6,"minecraft:stone_axe":6,"minecraft:cobblestone":1,"minecraft:furnace":2},"minecraft:killed_by":{"minecraft:creeper":1,"alexsmobs:grizzly_bear":2},"minecraft:picked_up":{"born_in_chaos_v1:corpse_maggot":1,"minecraft:crafting_table":2,"minecraft:wheat":4,"born_in_chaos_v1:monster_flesh":1,"born_in_chaos_v1:spiritual_dust":4,"born_in_chaos_v1:seedof_chaos":1,"minecraft:red_mushroom":8,"minecraft:knowledge_book":2,"minecraft:oak_log":8,"minecraft:lily_pad":3,"minecraft:brick":4,"minecraft:dirt":40,"minecraft:string":9,"born_in_chaos_v1:monster_skin":1,"minecraft:bone":4,"minecraft:wheat_seeds":7,"minecraft:iron_ingot":1,"minecraft:light_gray_wool":1,"minecraft:furnace":2,"minecraft:tipped_arrow":1,"born_in_chaos_v1:shattered_skull":1,"born_in_chaos_v1:orbofthe_summoner":1,"minecraft:porkchop":7,"minecraft:stripped_spruce_log":1,"minecraft:cauldron":2,"minecraft:rotten_flesh":8,"minecraft:hay_block":6,"minecraft:gray_wool":2,"supplementaries:ash":1,"minecraft:black_wool":1,"minecraft:mutton":9,"minecraft:white_wool":5,"minecraft:cobblestone":13},"minecraft:mined":{"minecraft:soul_sand":2,"minecraft:basalt":11,"minecraft:crafting_table":5,"minecraft:decorated_pot":1,"minecraft:tall_grass":5,"minecraft:cobblestone":2,"minecraft:gilded_blackstone":1,"minecraft:spawner":7,"minecraft:cauldron":2,"minecraft:large_fern":1,"minecraft:hay_block":6,"minecraft:chain":1,"minecraft:magma_block":11,"minecraft:furnace":2,"minecraft:polished_basalt":1,"minecraft:grass":4,"minecraft:oak_log":7,"minecraft:cobweb":6,"minecraft:stone":8,"ad_astra:sky_stone":1,"create:crimsite":1}},"DataVersion":3465}