{"stats":{"minecraft:crafted":{"minecraft:oak_planks":64,"minecraft:cooked_chicken":4,"gamma_beasts:prehnite_armor_chestplate":1,"minecraft:cooked_mutton":6,"gamma_beasts:prehnite_sword":2,"gamma_beasts:prehnite_armor_helmet":1,"gamma_beasts:cooked_meat":1,"minecraft:wheat":432,"minecraft:cooked_beef":10,"gamma_beasts:prehnite_armor_boots":1,"gamma_beasts:prehnite_axe":1,"minecraft:crafting_table":2,"gamma_beasts:stamina_capsule_accumulator":1,"minecraft:bread":150,"minecraft:air":0,"gamma_beasts:prehnite_armor_leggings":1,"minecraft:stick":27,"minecraft:iron_ingot":4,"minecraft:iron_pickaxe":1,"minecraft:torch":60,"gamma_beasts:prehnite_pickaxe":1},"minecraft:picked_up":{"minecraft:crafting_table":2,"minecraft:iron_chestplate":1,"minecraft:wheat":20,"gamma_beasts:prehnite_armor_chestplate":2,"minecraft:chicken":18,"gamma_beasts:fur":8,"minecraft:brewing_stand":1,"minecraft:iron_leggings":5,"minecraft:blackstone":6,"minecraft:cobbled_deepslate":101,"gamma_beasts:prehnite_armor_leggings":2,"minecraft:beef":37,"alexsmobs:elastic_tendon":4,"minecraft:calcite":2,"minecraft:melon_slice":69,"minecraft:iron_pickaxe":2,"gamma_beasts:prehnite_sword":2,"minecraft:egg":2,"minecraft:iron_boots":1,"minecraft:furnace":3,"minecraft:stick":8,"minecraft:raw_iron":33,"minecraft:torch":117,"minecraft:porkchop":16,"minecraft:arrow":18,"minecraft:rotten_flesh":17,"minecraft:tropical_fish":2,"minecraft:peony":2,"minecraft:hay_block":48,"gamma_beasts:coal_nugget":2,"minecraft:mutton":6,"minecraft:white_wool":2,"minecraft:cobblestone":318,"minecraft:feather":25,"minecraft:leather":63,"gamma_beasts:prehnite":307,"minecraft:tuff":46,"minecraft:gunpowder":1,"gamma_beasts:prehnite_armor_boots":2,"minecraft:lapis_lazuli":38,"gamma_beasts:prehnite_armor_helmet":2,"minecraft:bone":54,"minecraft:bow":3,"minecraft:wheat_seeds":58,"gamma_beasts:meat":2,"minecraft:raw_gold":12,"alexsmobs:cockroach_wing_fragment":1,"minecraft:grindstone":1,"minecraft:cooked_chicken":2,"minecraft:bamboo":235,"minecraft:oak_planks":303,"gamma_beasts:prehnite_axe":5,"minecraft:gravel":1,"minecraft:birch_stairs":14,"minecraft:white_bed":4,"minecraft:leather_helmet":2,"gamma_beasts:prehnite_pickaxe":2,"minecraft:diamond":36,"minecraft:iron_helmet":1,"minecraft:bread":25,"minecraft:coal":52,"minecraft:black_wool":1,"minecraft:ender_pearl":1},"minecraft:dropped":{"minecraft:iron_ingot":1,"minecraft:bread":80,"minecraft:iron_sword":1,"minecraft:wheat_seeds":1,"minecraft:ender_pearl":1,"minecraft:golden_horse_armor":1,"gamma_beasts:coal_nugget":1,"minecraft:feather":1,"minecraft:cobblestone":31,"gamma_beasts:prehnite":87,"minecraft:leather":9,"minecraft:apple":2,"minecraft:coal":48,"minecraft:leather_helmet":1,"minecraft:torch":30,"minecraft:melon_slice":16,"minecraft:iron_leggings":1,"minecraft:birch_stairs":14,"gamma_beasts:stamina_capsule_accumulator":1,"minecraft:bone":2,"minecraft:gravel":1,"minecraft:blackstone":3,"minecraft:cobbled_deepslate":36,"minecraft:wheat":2,"minecraft:rotten_flesh":17,"minecraft:white_bed":1,"minecraft:diamond_sword":2,"minecraft:gunpowder":1,"alexsmobs:cockroach_wing_fragment":1,"minecraft:peony":1,"minecraft:bamboo":2,"minecraft:iron_ore":48},"minecraft:mined":{"minecraft:tuff":23,"minecraft:deepslate_diamond_ore":17,"biomesoplenty:desert_grass":2,"minecraft:brewing_stand":1,"minecraft:hay_block":48,"minecraft:furnace":2,"minecraft:cobbled_deepslate":5,"minecraft:deepslate_lapis_ore":3,"minecraft:peony":1,"minecraft:bamboo":8,"minecraft:stone":145,"minecraft:blackstone":3,"minecraft:crafting_table":2,"minecraft:calcite":2,"minecraft:melon":10,"minecraft:tall_grass":1,"minecraft:deepslate_gold_ore":7,"minecraft:grindstone":2,"gamma_beasts:deepslate_prehnite_ore":15,"minecraft:wheat":23,"minecraft:grass":30,"minecraft:coal_ore":3,"minecraft:gravel":2,"minecraft:oak_leaves":6,"minecraft:deepslate":45,"minecraft:fern":1},"minecraft:killed":{"minecraft:witch":1,"minecraft:spider":1,"alexsmobs:murmur":1,"alexsmobs:seagull":1,"minecraft:skeleton":9,"gamma_beasts:banndu_a":1,"minecraft:chicken":5,"minecraft:zombie_villager":1,"minecraft:sheep":3,"gamma_beasts:banndu_c":1,"minecraft:zombie":12,"minecraft:cow":9,"minecraft:enderman":1},"minecraft:custom":{"minecraft:mob_kills":47,"minecraft:interact_with_crafting_table":9,"minecraft:time_since_death":17727,"minecraft:climb_one_cm":1212,"minecraft:damage_resisted":722,"minecraft:sprint_one_cm":174562,"minecraft:walk_one_cm":328491,"minecraft:drop":104,"minecraft:play_time":71230,"minecraft:deaths":7,"minecraft:sneak_time":2349,"minecraft:walk_under_water_one_cm":7186,"minecraft:jump":1715,"minecraft:walk_on_water_one_cm":26658,"minecraft:total_world_time":71230,"minecraft:interact_with_furnace":27,"minecraft:time_since_rest":17758,"minecraft:damage_taken":3447,"minecraft:damage_dealt":7147,"minecraft:swim_one_cm":19154,"minecraft:fly_one_cm":346837,"minecraft:open_chest":2,"minecraft:crouch_one_cm":9555,"minecraft:fall_one_cm":46152},"minecraft:killed_by":{"minecraft:creeper":1,"minecraft:skeleton":4},"minecraft:used":{"minecraft:tropical_fish":1,"minecraft:iron_sword":9,"minecraft:cooked_chicken":4,"minecraft:torch":21,"gamma_beasts:prehnite_pickaxe":206,"minecraft:tuff":2,"minecraft:iron_boots":1,"minecraft:bow":7,"minecraft:furnace":3,"minecraft:egg":1,"minecraft:cobbled_deepslate":40,"minecraft:iron_leggings":1,"minecraft:oak_planks":33,"gamma_beasts:prehnite_sword":207,"gamma_beasts:prehnite_axe":18,"minecraft:crafting_table":5,"minecraft:white_bed":1,"minecraft:oak_log":22,"minecraft:apple":1,"minecraft:bread":14,"minecraft:melon_slice":21,"minecraft:iron_pickaxe":97,"minecraft:diamond_sword":15}},"DataVersion":3465}