{"stats":{"minecraft:crafted":{"minecraft:oak_planks":64,"minecraft:cooked_chicken":4,"gamma_beasts:prehnite_armor_chestplate":1,"minecraft:cooked_mutton":6,"gamma_beasts:prehnite_sword":2,"minecraft:chest":1,"gamma_beasts:prehnite_armor_helmet":1,"gamma_beasts:cooked_meat":1,"sophisticatedbackpacks:iron_backpack":1,"minecraft:wheat":432,"minecraft:cooked_beef":10,"gamma_beasts:prehnite_armor_boots":1,"minecraft:diamond_sword":1,"sophisticatedbackpacks:backpack":1,"gamma_beasts:prehnite_axe":1,"minecraft:crafting_table":3,"gamma_beasts:stamina_capsule_accumulator":1,"sophisticatedbackpacks:gold_backpack":1,"minecraft:bread":150,"minecraft:air":0,"gamma_beasts:prehnite_armor_leggings":1,"minecraft:stick":27,"minecraft:iron_ingot":15,"minecraft:iron_pickaxe":1,"minecraft:gold_ingot":6,"minecraft:torch":60,"gamma_beasts:prehnite_pickaxe":1},"minecraft:broken":{"gamma_beasts:prehnite_sword":1},"minecraft:picked_up":{"minecraft:crafting_table":4,"minecraft:iron_chestplate":1,"minecraft:wheat":20,"gamma_beasts:prehnite_armor_chestplate":2,"minecraft:chicken":18,"gamma_beasts:fur":8,"minecraft:brewing_stand":1,"minecraft:string":24,"minecraft:iron_leggings":5,"minecraft:blackstone":6,"minecraft:cobbled_deepslate":101,"gamma_beasts:prehnite_armor_leggings":2,"minecraft:beef":44,"alexsmobs:elastic_tendon":4,"minecraft:calcite":2,"minecraft:melon_slice":69,"minecraft:iron_pickaxe":2,"gamma_beasts:prehnite_sword":2,"minecraft:egg":2,"minecraft:iron_boots":1,"minecraft:furnace":5,"minecraft:golden_helmet":1,"minecraft:stick":11,"minecraft:raw_iron":33,"minecraft:torch":117,"minecraft:porkchop":16,"minecraft:golden_chestplate":1,"alexsmobs:crocodile_scute":4,"biomesoplenty:blue_hydrangea":2,"minecraft:arrow":22,"minecraft:rotten_flesh":19,"minecraft:cooked_cod":1,"minecraft:tropical_fish":2,"minecraft:peony":2,"minecraft:hay_block":48,"gamma_beasts:coal_nugget":2,"minecraft:mutton":6,"minecraft:white_wool":2,"minecraft:cobblestone":318,"minecraft:feather":25,"minecraft:leather":65,"gamma_beasts:prehnite":307,"alexsmobs:bear_fur":2,"minecraft:tuff":46,"minecraft:gunpowder":1,"gamma_beasts:prehnite_armor_boots":2,"minecraft:lapis_lazuli":38,"gamma_beasts:prehnite_armor_helmet":2,"minecraft:bone":57,"minecraft:bow":3,"minecraft:wheat_seeds":58,"gamma_beasts:meat":2,"minecraft:raw_gold":12,"alexsmobs:cockroach_wing_fragment":1,"minecraft:grindstone":1,"minecraft:cooked_chicken":2,"gamma_beasts:stamina_capsule_accumulator":1,"minecraft:bamboo":235,"minecraft:oak_planks":303,"gamma_beasts:prehnite_axe":5,"alexsmobs:crocodile_egg":2,"minecraft:gravel":1,"minecraft:birch_stairs":14,"minecraft:white_bed":4,"minecraft:spruce_log":1,"minecraft:spider_eye":1,"minecraft:leather_helmet":2,"gamma_beasts:prehnite_pickaxe":2,"minecraft:diamond":36,"minecraft:iron_helmet":1,"minecraft:bread":25,"minecraft:coal":79,"minecraft:black_wool":1,"minecraft:ender_pearl":1},"minecraft:dropped":{"minecraft:iron_ingot":2,"minecraft:bread":80,"minecraft:iron_sword":1,"minecraft:wheat_seeds":1,"minecraft:golden_helmet":1,"minecraft:ender_pearl":1,"minecraft:golden_horse_armor":1,"gamma_beasts:coal_nugget":1,"minecraft:feather":1,"minecraft:cobblestone":31,"gamma_beasts:prehnite":87,"minecraft:leather":9,"minecraft:apple":2,"minecraft:coal":62,"minecraft:leather_helmet":1,"minecraft:torch":30,"minecraft:melon_slice":16,"minecraft:iron_leggings":1,"minecraft:birch_stairs":14,"gamma_beasts:stamina_capsule_accumulator":1,"minecraft:bone":2,"minecraft:gravel":1,"minecraft:furnace":1,"minecraft:blackstone":3,"minecraft:golden_chestplate":1,"minecraft:cobbled_deepslate":36,"minecraft:tuff":22,"minecraft:wheat":2,"minecraft:rotten_flesh":19,"minecraft:white_bed":1,"minecraft:diamond_sword":2,"alexsmobs:elastic_tendon":2,"minecraft:gunpowder":1,"alexsmobs:cockroach_wing_fragment":1,"minecraft:peony":1,"biomesoplenty:blue_hydrangea":2,"minecraft:spider_eye":1,"minecraft:bamboo":2,"minecraft:iron_ore":48,"minecraft:arrow":4,"minecraft:bow":1},"minecraft:mined":{"minecraft:tuff":23,"minecraft:deepslate_diamond_ore":17,"biomesoplenty:desert_grass":2,"gamma_beasts:spider_egg":1,"minecraft:brewing_stand":1,"biomesoplenty:bush":3,"minecraft:spruce_leaves":1,"minecraft:hay_block":48,"minecraft:furnace":3,"minecraft:fire":1,"minecraft:cobbled_deepslate":5,"minecraft:deepslate_lapis_ore":3,"minecraft:peony":1,"minecraft:bamboo":8,"minecraft:stone":145,"minecraft:blackstone":3,"minecraft:crafting_table":4,"minecraft:calcite":2,"minecraft:melon":10,"biomesoplenty:high_grass_plant":1,"minecraft:tall_grass":1,"biomesoplenty:sprout":1,"minecraft:deepslate_gold_ore":7,"minecraft:grindstone":2,"gamma_beasts:deepslate_prehnite_ore":15,"biomesoplenty:blue_hydrangea":2,"minecraft:wheat":23,"minecraft:grass":36,"minecraft:coal_ore":3,"minecraft:gravel":2,"minecraft:cobweb":17,"minecraft:oak_leaves":7,"minecraft:deepslate":45,"minecraft:fern":4},"minecraft:killed":{"minecraft:witch":1,"alexsmobs:raccoon":1,"minecraft:spider":3,"alexsmobs:murmur":1,"alexsmobs:seagull":1,"minecraft:skeleton":12,"gamma_beasts:banndu_a":1,"gamma_beasts:spider_c":1,"minecraft:chicken":5,"alexsmobs:grizzly_bear":2,"minecraft:zombie_villager":1,"minecraft:sheep":3,"gamma_beasts:banndu_c":1,"minecraft:zombie":17,"gamma_beasts:spider_a":1,"minecraft:cow":13,"minecraft:enderman":1},"minecraft:custom":{"minecraft:mob_kills":66,"minecraft:interact_with_crafting_table":18,"minecraft:time_since_death":39922,"minecraft:climb_one_cm":1212,"minecraft:damage_resisted":1218,"minecraft:sprint_one_cm":281831,"minecraft:walk_one_cm":368102,"minecraft:drop":119,"minecraft:play_time":93425,"minecraft:deaths":7,"minecraft:sneak_time":3353,"minecraft:walk_under_water_one_cm":12289,"minecraft:jump":2288,"minecraft:walk_on_water_one_cm":32501,"minecraft:total_world_time":93425,"minecraft:interact_with_furnace":38,"minecraft:time_since_rest":39953,"minecraft:damage_taken":4195,"minecraft:damage_dealt":10919,"minecraft:swim_one_cm":54576,"minecraft:fly_one_cm":478738,"minecraft:open_chest":2,"minecraft:crouch_one_cm":12322,"minecraft:fall_one_cm":65941},"minecraft:killed_by":{"minecraft:creeper":1,"minecraft:skeleton":4},"minecraft:used":{"minecraft:tropical_fish":1,"minecraft:iron_sword":9,"minecraft:cooked_chicken":4,"minecraft:torch":21,"gamma_beasts:prehnite_pickaxe":208,"minecraft:tuff":2,"minecraft:iron_boots":1,"minecraft:bow":7,"minecraft:furnace":3,"minecraft:cooked_cod":1,"minecraft:egg":1,"minecraft:cobbled_deepslate":40,"minecraft:iron_leggings":1,"minecraft:oak_planks":33,"gamma_beasts:prehnite_sword":301,"gamma_beasts:prehnite_axe":21,"minecraft:crafting_table":7,"minecraft:white_bed":1,"minecraft:spruce_log":1,"minecraft:oak_log":22,"minecraft:apple":1,"minecraft:bread":34,"minecraft:melon_slice":21,"minecraft:iron_pickaxe":97,"minecraft:diamond_sword":37,"minecraft:cobblestone":24}},"DataVersion":3465}