{"stats":{"minecraft:crafted":{"gamma_beasts:prehnite_sword":1,"minecraft:oak_planks":64,"gamma_beasts:prehnite_axe":1,"minecraft:stick":19,"minecraft:iron_ingot":1,"minecraft:air":0},"minecraft:picked_up":{"minecraft:crafting_table":1,"minecraft:chicken":1,"minecraft:leather":5,"gamma_beasts:prehnite":87,"minecraft:birch_stairs":14,"minecraft:white_bed":1,"minecraft:rotten_flesh":4,"minecraft:beef":8,"minecraft:bamboo":103,"minecraft:ender_pearl":1},"minecraft:dropped":{"minecraft:iron_ingot":1,"minecraft:diamond_sword":2,"minecraft:bread":16,"minecraft:iron_sword":1,"minecraft:ender_pearl":1,"minecraft:golden_horse_armor":1,"minecraft:rotten_flesh":4,"gamma_beasts:prehnite":87,"minecraft:iron_ore":48,"minecraft:white_bed":1,"minecraft:birch_stairs":14,"minecraft:coal":48},"minecraft:mined":{"minecraft:crafting_table":1,"minecraft:grass":6,"minecraft:bamboo":8,"minecraft:oak_leaves":2},"minecraft:killed":{"minecraft:zombie":3,"minecraft:chicken":1,"minecraft:cow":4,"minecraft:enderman":1},"minecraft:custom":{"minecraft:time_since_rest":17230,"minecraft:interact_with_furnace":2,"minecraft:sprint_one_cm":38828,"minecraft:damage_taken":4,"minecraft:walk_one_cm":36078,"minecraft:mob_kills":9,"minecraft:drop":32,"minecraft:damage_dealt":1451,"minecraft:interact_with_crafting_table":4,"minecraft:fly_one_cm":205029,"minecraft:crouch_one_cm":322,"minecraft:play_time":17230,"minecraft:sneak_time":138,"minecraft:walk_under_water_one_cm":1083,"minecraft:jump":366,"minecraft:time_since_death":17230,"minecraft:walk_on_water_one_cm":454,"minecraft:climb_one_cm":1022,"minecraft:total_world_time":17230,"minecraft:fall_one_cm":4238},"minecraft:used":{"minecraft:oak_log":22,"minecraft:bread":1,"minecraft:iron_pickaxe":1,"gamma_beasts:prehnite_sword":13,"minecraft:iron_sword":9,"minecraft:diamond_sword":15,"gamma_beasts:prehnite_axe":1,"minecraft:crafting_table":2,"minecraft:furnace":1}},"DataVersion":3465}