{"stats":{"minecraft:crafted":{"minecraft:oak_planks":64,"gamma_beasts:prehnite_armor_boots":1,"gamma_beasts:prehnite_axe":1,"minecraft:crafting_table":1,"gamma_beasts:prehnite_armor_chestplate":1,"minecraft:air":0,"gamma_beasts:prehnite_sword":2,"gamma_beasts:prehnite_armor_leggings":1,"minecraft:stick":23,"minecraft:iron_ingot":1,"gamma_beasts:prehnite_armor_helmet":1,"minecraft:torch":60,"gamma_beasts:prehnite_pickaxe":1},"minecraft:picked_up":{"minecraft:iron_chestplate":1,"minecraft:crafting_table":2,"minecraft:feather":24,"minecraft:chicken":18,"minecraft:leather":31,"gamma_beasts:prehnite":211,"minecraft:iron_leggings":3,"minecraft:bone":19,"minecraft:bow":1,"minecraft:wheat_seeds":3,"minecraft:cobbled_deepslate":13,"minecraft:beef":24,"minecraft:bamboo":234,"minecraft:oak_planks":256,"minecraft:iron_boots":1,"minecraft:egg":2,"gamma_beasts:prehnite_axe":3,"minecraft:stick":2,"minecraft:torch":90,"minecraft:birch_stairs":14,"minecraft:porkchop":16,"minecraft:white_bed":4,"minecraft:rotten_flesh":8,"minecraft:arrow":10,"minecraft:tropical_fish":1,"minecraft:iron_helmet":1,"minecraft:bread":25,"minecraft:coal":15,"minecraft:ender_pearl":1},"minecraft:dropped":{"minecraft:iron_ingot":1,"minecraft:bread":16,"minecraft:iron_sword":1,"minecraft:ender_pearl":1,"minecraft:golden_horse_armor":1,"minecraft:rotten_flesh":4,"gamma_beasts:prehnite":87,"minecraft:white_bed":1,"minecraft:coal":48,"minecraft:diamond_sword":2,"minecraft:torch":30,"minecraft:iron_ore":48,"minecraft:birch_stairs":14,"minecraft:bone":2},"minecraft:mined":{"minecraft:crafting_table":2,"minecraft:grass":8,"minecraft:bamboo":8,"minecraft:deepslate":13,"minecraft:fern":1,"minecraft:oak_leaves":2},"minecraft:killed":{"minecraft:zombie_villager":1,"minecraft:skeleton":7,"minecraft:zombie":6,"minecraft:chicken":5,"minecraft:enderman":1,"minecraft:cow":4},"minecraft:custom":{"minecraft:interact_with_furnace":2,"minecraft:mob_kills":24,"minecraft:interact_with_crafting_table":6,"minecraft:time_since_death":7363,"minecraft:damage_resisted":347,"minecraft:climb_one_cm":1212,"minecraft:time_since_rest":7391,"minecraft:sprint_one_cm":79686,"minecraft:damage_taken":2841,"minecraft:walk_one_cm":92239,"minecraft:drop":35,"minecraft:damage_dealt":3162,"minecraft:swim_one_cm":734,"minecraft:fly_one_cm":246525,"minecraft:crouch_one_cm":4726,"minecraft:play_time":29230,"minecraft:deaths":5,"minecraft:sneak_time":1181,"minecraft:walk_under_water_one_cm":1495,"minecraft:jump":639,"minecraft:walk_on_water_one_cm":15797,"minecraft:total_world_time":29230,"minecraft:fall_one_cm":20659},"minecraft:killed_by":{"minecraft:skeleton":4},"minecraft:used":{"minecraft:oak_planks":32,"gamma_beasts:prehnite_sword":51,"minecraft:iron_sword":9,"minecraft:torch":10,"gamma_beasts:prehnite_axe":1,"minecraft:crafting_table":3,"minecraft:white_bed":1,"gamma_beasts:prehnite_pickaxe":14,"minecraft:oak_log":22,"minecraft:bread":14,"minecraft:iron_pickaxe":1,"minecraft:iron_boots":1,"minecraft:diamond_sword":15,"minecraft:bow":1,"minecraft:furnace":1,"minecraft:egg":1,"minecraft:iron_leggings":1}},"DataVersion":3465}