{"stats":{"minecraft:crafted":{"minecraft:oak_planks":28,"minecraft:cooked_porkchop":4,"minecraft:crafting_table":1,"minecraft:stick":8,"minecraft:wooden_pickaxe":1,"minecraft:stone_pickaxe":1,"minecraft:stone_sword":1,"minecraft:stone_axe":1,"minecraft:air":0},"minecraft:killed":{"minecraft:sheep":6,"minecraft:pig":2,"born_in_chaos_v1:dread_hound":1},"minecraft:dropped":{"minecraft:iron_ingot":16,"supplementaries:ash":1,"minecraft:dirt":38,"minecraft:iron_sword":1,"minecraft:gray_wool":2,"supplementaries:cartographers_quill":1,"minecraft:wheat_seeds":1,"aether:iron_gloves":1,"minecraft:oak_log":1,"minecraft:cobblestone":4,"minecraft:light_gray_wool":1,"minecraft:iron_boots":1,"minecraft:wooden_pickaxe":1,"minecraft:bone":1},"minecraft:custom":{"minecraft:time_since_rest":8154,"minecraft:interact_with_furnace":4,"minecraft:sprint_one_cm":57953,"minecraft:damage_taken":1235,"minecraft:walk_one_cm":42123,"minecraft:mob_kills":10,"minecraft:drop":16,"minecraft:damage_dealt":1076,"minecraft:talked_to_villager":1,"minecraft:interact_with_crafting_table":2,"minecraft:fly_one_cm":70639,"minecraft:open_barrel":6,"minecraft:open_chest":8,"minecraft:crouch_one_cm":2122,"minecraft:play_time":19621,"minecraft:deaths":4,"minecraft:sneak_time":624,"minecraft:walk_under_water_one_cm":231,"minecraft:jump":312,"minecraft:leave_game":1,"minecraft:time_since_death":8129,"minecraft:walk_on_water_one_cm":712,"minecraft:total_world_time":19621,"minecraft:climb_one_cm":948,"minecraft:fall_one_cm":15092},"minecraft:used":{"minecraft:knowledge_book":40,"minecraft:bread":4,"minecraft:stone_pickaxe":2,"minecraft:iron_pickaxe":2,"minecraft:wooden_pickaxe":10,"minecraft:iron_sword":41,"minecraft:stone_axe":6,"minecraft:dirt":2,"minecraft:crafting_table":1},"minecraft:killed_by":{"minecraft:creeper":1,"alexsmobs:grizzly_bear":2},"minecraft:picked_up":{"minecraft:crafting_table":1,"born_in_chaos_v1:monster_flesh":1,"minecraft:porkchop":5,"minecraft:oak_log":8,"minecraft:string":8,"minecraft:cauldron":2,"minecraft:dirt":40,"born_in_chaos_v1:monster_skin":1,"minecraft:bone":1,"minecraft:wheat_seeds":7,"minecraft:hay_block":6,"minecraft:gray_wool":2,"supplementaries:ash":1,"minecraft:light_gray_wool":1,"minecraft:black_wool":1,"minecraft:mutton":9,"minecraft:white_wool":5,"minecraft:cobblestone":12,"minecraft:furnace":2},"minecraft:mined":{"minecraft:large_fern":1,"minecraft:hay_block":6,"minecraft:furnace":2,"minecraft:crafting_table":4,"minecraft:grass":4,"minecraft:oak_log":7,"minecraft:cobweb":5,"minecraft:tall_grass":5,"minecraft:cobblestone":2,"minecraft:stone":8,"minecraft:cauldron":2}},"DataVersion":3465}