{"stats":{"minecraft:crafted":{"minecraft:stone_sword":1,"minecraft:oak_planks":20,"minecraft:stone_axe":1,"minecraft:crafting_table":1,"minecraft:stick":8,"minecraft:stone_pickaxe":1,"minecraft:wooden_pickaxe":1},"minecraft:dropped":{"minecraft:wooden_pickaxe":1,"minecraft:oak_log":1},"minecraft:custom":{"minecraft:time_since_rest":2491,"minecraft:crouch_one_cm":1086,"minecraft:walk_one_cm":19442,"minecraft:sprint_one_cm":16938,"minecraft:play_time":7621,"minecraft:damage_taken":955,"minecraft:deaths":3,"minecraft:sneak_time":360,"minecraft:mob_kills":1,"minecraft:drop":2,"minecraft:jump":64,"minecraft:damage_dealt":113,"minecraft:leave_game":1,"minecraft:time_since_death":2464,"minecraft:total_world_time":7621,"minecraft:interact_with_crafting_table":2,"minecraft:fall_one_cm":3108,"minecraft:fly_one_cm":11959},"minecraft:used":{"minecraft:knowledge_book":8,"minecraft:stone_axe":1,"minecraft:dirt":2,"minecraft:crafting_table":1,"minecraft:wooden_pickaxe":10},"minecraft:killed_by":{"minecraft:creeper":1,"alexsmobs:grizzly_bear":2},"minecraft:picked_up":{"minecraft:crafting_table":1,"minecraft:oak_log":6,"minecraft:dirt":21,"minecraft:cobblestone":10},"minecraft:mined":{"minecraft:grass":1,"minecraft:oak_log":5,"minecraft:cobblestone":2,"minecraft:stone":8,"minecraft:crafting_table":1}},"DataVersion":3465}