{"stats":{"minecraft:killed":{"minecraft:pig":3,"born_in_chaos_v1:bone_imp_minion":5,"born_in_chaos_v1:door_knight_not_despawn":1,"born_in_chaos_v1:decrepit_skeleton":1,"born_in_chaos_v1:baby_skeleton_minion":1,"minecraft:sheep":6,"minecraft:pillager":1,"minecraft:zombie":1,"born_in_chaos_v1:dread_hound":1,"born_in_chaos_v1:corpse_fly":1,"born_in_chaos_v1:skeleton_thrasher":1,"born_in_chaos_v1:door_knight":1,"born_in_chaos_v1:supreme_bonescaller_stage_2":1,"minecraft:cow":2},"minecraft:crafted":{"minecraft:oak_planks":28,"minecraft:cooked_porkchop":4,"minecraft:crafting_table":1,"minecraft:wooden_pickaxe":1,"minecraft:cooked_salmon":4,"minecraft:stone_axe":1,"minecraft:cooked_mutton":9,"minecraft:bread":21,"minecraft:air":0,"minecraft:white_wool":1,"minecraft:diamond_pickaxe":1,"minecraft:stick":16,"minecraft:stone_pickaxe":1,"minecraft:stone_sword":1,"minecraft:white_bed":2,"minecraft:wheat":54},"minecraft:custom":{"minecraft:interact_with_furnace":17,"minecraft:mob_kills":27,"minecraft:interact_with_crafting_table":9,"minecraft:open_barrel":15,"minecraft:damage_dealt_resisted":2942,"minecraft:leave_game":1,"minecraft:time_since_death":1953,"minecraft:sleep_in_bed":2,"minecraft:climb_one_cm":1678,"minecraft:damage_resisted":28,"minecraft:time_since_rest":1979,"minecraft:sprint_one_cm":167280,"minecraft:damage_taken":2897,"minecraft:walk_one_cm":115598,"minecraft:drop":49,"minecraft:damage_dealt":5117,"minecraft:swim_one_cm":14440,"minecraft:talked_to_villager":1,"minecraft:fly_one_cm":211805,"minecraft:open_chest":34,"minecraft:crouch_one_cm":7948,"minecraft:play_time":55621,"minecraft:deaths":6,"minecraft:sneak_time":2739,"minecraft:walk_under_water_one_cm":2665,"minecraft:jump":977,"minecraft:walk_on_water_one_cm":5678,"minecraft:total_world_time":55621,"minecraft:fall_one_cm":41289},"minecraft:dropped":{"minecraft:iron_ingot":16,"minecraft:iron_sword":1,"alexsmobs:shark_tooth_arrow":1,"born_in_chaos_v1:shattered_skull":1,"minecraft:porkchop":2,"minecraft:wheat_seeds":7,"minecraft:oak_log":1,"minecraft:crafting_table":1,"minecraft:cooked_porkchop":3,"minecraft:wheat":4,"minecraft:knowledge_book":3,"minecraft:cobblestone":4,"minecraft:rotten_flesh":7,"minecraft:light_gray_wool":1,"minecraft:iron_boots":1,"minecraft:stick":4,"minecraft:red_mushroom":8,"born_in_chaos_v1:monster_flesh":1,"minecraft:dirt":38,"supplementaries:ash":1,"minecraft:gray_wool":2,"supplementaries:cartographers_quill":1,"aether:iron_gloves":1,"born_in_chaos_v1:corpse_maggot":1,"regions_unexplored:large_prismarite_cluster":1,"minecraft:arrow":8,"minecraft:bow":2,"minecraft:wooden_pickaxe":1,"minecraft:string":5,"minecraft:lily_pad":3,"minecraft:brick":4,"minecraft:bone":4},"minecraft:used":{"minecraft:knowledge_book":47,"minecraft:stone_pickaxe":2,"minecraft:wooden_pickaxe":10,"minecraft:iron_sword":179,"simplyswords:gold_warglaive":11,"minecraft:cooked_salmon":4,"minecraft:dirt":2,"minecraft:crafting_table":2,"minecraft:white_bed":4,"minecraft:diamond_pickaxe":36,"born_in_chaos_v1:monster_flesh":4,"minecraft:bread":12,"minecraft:iron_pickaxe":6,"minecraft:stone_axe":6,"minecraft:cobblestone":1,"minecraft:cooked_porkchop":1,"minecraft:furnace":2},"minecraft:killed_by":{"minecraft:player":1,"minecraft:creeper":1,"alexsmobs:grizzly_bear":2},"minecraft:picked_up":{"born_in_chaos_v1:corpse_maggot":1,"minecraft:crafting_table":3,"minecraft:wheat":4,"born_in_chaos_v1:monster_flesh":1,"born_in_chaos_v1:spiritual_dust":4,"born_in_chaos_v1:seedof_chaos":1,"minecraft:red_mushroom":8,"minecraft:knowledge_book":2,"minecraft:oak_log":8,"minecraft:lily_pad":3,"minecraft:brick":4,"minecraft:dirt":40,"minecraft:string":15,"born_in_chaos_v1:monster_skin":1,"regions_unexplored:large_prismarite_cluster":1,"minecraft:bone":4,"minecraft:wheat_seeds":7,"minecraft:beef":4,"minecraft:iron_ingot":2,"minecraft:light_gray_wool":1,"minecraft:soul_sand":6,"minecraft:furnace":2,"minecraft:tipped_arrow":1,"minecraft:cooked_porkchop":3,"born_in_chaos_v1:shattered_skull":3,"born_in_chaos_v1:orbofthe_summoner":1,"minecraft:porkchop":7,"minecraft:stripped_spruce_log":1,"minecraft:white_bed":2,"minecraft:cauldron":2,"minecraft:rotten_flesh":8,"minecraft:hay_block":6,"minecraft:gray_wool":2,"supplementaries:ash":1,"minecraft:black_wool":1,"minecraft:mutton":9,"minecraft:white_wool":5,"minecraft:cobblestone":13},"minecraft:mined":{"minecraft:white_bed":2,"minecraft:blackstone":1,"minecraft:soul_sand":6,"minecraft:basalt":11,"minecraft:crafting_table":5,"biomesoplenty:bush":1,"minecraft:decorated_pot":1,"minecraft:soul_soil":2,"minecraft:tall_grass":5,"minecraft:cobblestone":2,"regions_unexplored:large_prismarite_cluster":1,"minecraft:gilded_blackstone":1,"minecraft:spawner":7,"minecraft:cauldron":2,"minecraft:large_fern":1,"minecraft:hay_block":6,"minecraft:chain":1,"minecraft:magma_block":11,"regions_unexplored:pointed_redstone":1,"minecraft:furnace":2,"minecraft:polished_basalt":1,"minecraft:grass":5,"minecraft:oak_log":7,"biomesoplenty:high_grass":2,"minecraft:cobweb":6,"minecraft:stone":9,"ad_astra:sky_stone":1,"create:crimsite":1}},"DataVersion":3465}