{"stats":{"minecraft:crafted":{"minecraft:oak_planks":64,"gamma_beasts:prehnite_armor_boots":1,"gamma_beasts:prehnite_axe":1,"minecraft:crafting_table":1,"minecraft:cooked_chicken":4,"gamma_beasts:prehnite_armor_chestplate":1,"minecraft:air":0,"gamma_beasts:prehnite_sword":2,"gamma_beasts:prehnite_armor_leggings":1,"minecraft:stick":27,"minecraft:iron_ingot":4,"minecraft:iron_pickaxe":1,"gamma_beasts:prehnite_armor_helmet":1,"minecraft:torch":60,"gamma_beasts:prehnite_pickaxe":1},"minecraft:picked_up":{"minecraft:iron_chestplate":1,"minecraft:crafting_table":2,"gamma_beasts:prehnite_armor_chestplate":1,"minecraft:feather":24,"minecraft:chicken":18,"minecraft:leather":44,"gamma_beasts:prehnite":259,"minecraft:tuff":24,"minecraft:gunpowder":1,"gamma_beasts:prehnite_armor_boots":1,"minecraft:lapis_lazuli":14,"minecraft:iron_leggings":4,"gamma_beasts:prehnite_armor_helmet":1,"minecraft:bone":36,"minecraft:blackstone":3,"minecraft:bow":2,"alexsmobs:cockroach_wing_fragment":1,"minecraft:wheat_seeds":3,"minecraft:cobbled_deepslate":70,"minecraft:raw_gold":6,"gamma_beasts:prehnite_armor_leggings":1,"minecraft:beef":24,"minecraft:cooked_chicken":2,"alexsmobs:elastic_tendon":2,"minecraft:iron_pickaxe":1,"minecraft:bamboo":235,"gamma_beasts:prehnite_sword":1,"minecraft:oak_planks":280,"minecraft:furnace":2,"minecraft:iron_boots":1,"minecraft:egg":2,"gamma_beasts:prehnite_axe":4,"minecraft:raw_iron":22,"minecraft:stick":5,"minecraft:torch":108,"minecraft:gravel":1,"minecraft:birch_stairs":14,"minecraft:porkchop":16,"minecraft:white_bed":4,"gamma_beasts:prehnite_pickaxe":1,"minecraft:rotten_flesh":13,"minecraft:arrow":12,"minecraft:diamond":19,"minecraft:tropical_fish":2,"minecraft:iron_helmet":1,"minecraft:bread":25,"minecraft:coal":36,"minecraft:cobblestone":20,"minecraft:ender_pearl":1},"minecraft:dropped":{"minecraft:gravel":1,"minecraft:iron_ingot":1,"minecraft:bread":16,"minecraft:iron_sword":1,"minecraft:ender_pearl":1,"minecraft:golden_horse_armor":1,"minecraft:rotten_flesh":12,"gamma_beasts:prehnite":87,"minecraft:white_bed":1,"minecraft:coal":48,"minecraft:diamond_sword":2,"minecraft:gunpowder":1,"minecraft:torch":30,"minecraft:bamboo":2,"minecraft:iron_ore":48,"minecraft:birch_stairs":14,"minecraft:bone":2},"minecraft:mined":{"minecraft:tuff":23,"minecraft:blackstone":3,"minecraft:deepslate_diamond_ore":17,"minecraft:crafting_table":2,"minecraft:deepslate_gold_ore":7,"gamma_beasts:deepslate_prehnite_ore":15,"minecraft:furnace":2,"minecraft:cobbled_deepslate":5,"minecraft:deepslate_lapis_ore":3,"minecraft:grass":8,"minecraft:gravel":2,"minecraft:bamboo":8,"minecraft:stone":21,"minecraft:deepslate":45,"minecraft:fern":1,"minecraft:oak_leaves":2},"minecraft:killed":{"minecraft:zombie_villager":1,"alexsmobs:murmur":1,"minecraft:skeleton":8,"minecraft:zombie":10,"minecraft:chicken":5,"minecraft:enderman":1,"minecraft:cow":4},"minecraft:custom":{"minecraft:interact_with_furnace":9,"minecraft:mob_kills":31,"minecraft:interact_with_crafting_table":7,"minecraft:time_since_death":15255,"minecraft:damage_resisted":554,"minecraft:climb_one_cm":1212,"minecraft:time_since_rest":15284,"minecraft:sprint_one_cm":130976,"minecraft:damage_taken":3133,"minecraft:walk_one_cm":202934,"minecraft:drop":47,"minecraft:damage_dealt":4225,"minecraft:swim_one_cm":734,"minecraft:fly_one_cm":294463,"minecraft:crouch_one_cm":9513,"minecraft:play_time":47230,"minecraft:deaths":6,"minecraft:sneak_time":2304,"minecraft:walk_under_water_one_cm":4624,"minecraft:jump":1166,"minecraft:walk_on_water_one_cm":20149,"minecraft:total_world_time":47230,"minecraft:fall_one_cm":32235},"minecraft:killed_by":{"minecraft:skeleton":4,"minecraft:creeper":1},"minecraft:used":{"minecraft:tropical_fish":1,"minecraft:oak_planks":32,"gamma_beasts:prehnite_sword":72,"minecraft:iron_sword":9,"minecraft:cooked_chicken":4,"minecraft:torch":21,"gamma_beasts:prehnite_axe":1,"minecraft:crafting_table":4,"minecraft:white_bed":1,"gamma_beasts:prehnite_pickaxe":74,"minecraft:tuff":2,"minecraft:oak_log":22,"minecraft:bread":14,"minecraft:iron_pickaxe":69,"minecraft:iron_boots":1,"minecraft:diamond_sword":15,"minecraft:bow":1,"minecraft:furnace":2,"minecraft:egg":1,"minecraft:cobbled_deepslate":23,"minecraft:iron_leggings":1}},"DataVersion":3465}